stu_id,name,semester_id,avg_grade,attendance_percentage,assessment_count,avg_score
1,Rachel Arnold,1,32.0,40,3,40.33
1,Rachel Arnold,1,80.0,65,3,79.0
1,Rachel Arnold,1,76.0,66,3,66.67
1,Rachel Arnold,1,32.0,72,3,38.33
1,Rachel Arnold,2,50.0,66,3,75.0
1,Rachel Arnold,2,98.0,71,3,63.67
1,Rachel Arnold,2,99.0,99,3,64.67
1,Rachel Arnold,3,33.0,49,3,37.67
1,Rachel Arnold,3,93.0,72,3,74.67
1,Rachel Arnold,3,40.0,74,3,32.67
2,Jennifer Roberts,1,39.0,63,3,41.33
2,Jennifer Roberts,1,62.0,80,3,73.0
2,Jennifer Roberts,2,30.0,34,3,45.67
2,Jennifer Roberts,2,96.0,70,3,72.33
2,Jennifer Roberts,3,97.0,74,3,76.67
2,Jennifer Roberts,3,69.0,80,3,86.33
2,Jennifer Roberts,3,53.0,96,3,80.33
3,Leah Owens,1,88.0,80,3,68.67
3,Leah Owens,1,93.0,81,3,82.67
3,Leah Owens,1,96.0,83,3,68.0
3,Leah Owens,2,97.0,79,3,94.67
3,Leah Owens,2,81.0,87,3,74.33
3,Leah Owens,2,73.0,89,3,80.0
3,Leah Owens,3,73.0,60,3,83.0
3,Leah Owens,3,71.0,87,3,78.67
4,Steven Mcknight,1,91.5,68,6,73.67
4,Steven Mcknight,1,64.0,73,3,83.67
4,Steven Mcknight,1,91.0,87,3,58.0
4,Steven Mcknight,2,46.0,56,3,47.33
4,Steven Mcknight,2,96.0,69,3,79.33
4,Steven Mcknight,2,96.0,86,3,70.0
4,Steven Mcknight,2,90.0,92,3,61.67
4,Steven Mcknight,3,44.0,49,3,41.33
4,Steven Mcknight,3,87.0,97,3,82.0
5,Ana Hill,1,49.0,48,3,37.67
5,Ana Hill,1,92.0,62,3,90.67
5,Ana Hill,1,66.0,77,3,78.0
5,Ana Hill,1,59.0,80,3,77.0
5,Ana Hill,2,67.0,63,3,62.0
5,Ana Hill,2,48.0,66,3,43.33
5,Ana Hill,2,93.0,94,3,73.33
5,Ana Hill,3,71.0,67,3,80.0
5,Ana Hill,3,78.0,68,3,78.67
5,Ana Hill,3,96.0,71,3,80.0
5,Ana Hill,3,59.0,77,3,69.33
5,Ana Hill,3,98.0,96,3,70.67
6,Anthony Craig,1,87.0,85,3,69.33
6,Anthony Craig,1,95.0,87,3,69.33
6,Anthony Craig,1,74.0,98,3,81.33
6,Anthony Craig,2,42.0,51,3,44.67
6,Anthony Craig,2,60.0,61,3,75.0
6,Anthony Craig,2,85.0,83,3,82.0
6,Anthony Craig,2,51.0,96,3,75.33
6,Anthony Craig,3,35.0,54,3,42.33
6,Anthony Craig,3,59.0,66,3,67.0
6,Anthony Craig,3,71.0,71,3,70.0
6,Anthony Craig,3,95.0,100,3,68.67
7,Jason Elliott,1,87.0,75,3,64.33
7,Jason Elliott,1,84.0,90,3,69.33
7,Jason Elliott,1,95.0,92,3,76.67
7,Jason Elliott,2,34.0,41,3,34.67
7,Jason Elliott,2,70.0,78,3,75.67
7,Jason Elliott,2,54.0,80,3,69.33
7,Jason Elliott,2,81.0,87,3,64.0
7,Jason Elliott,3,37.0,46,3,38.0
7,Jason Elliott,3,47.0,50,3,37.67
7,Jason Elliott,3,53.0,66,3,58.67
7,Jason Elliott,3,56.0,81,3,97.0
8,Megan Hampton,1,37.0,49,3,33.0
8,Megan Hampton,1,79.0,97,3,73.33
8,Megan Hampton,1,86.0,98,3,79.0
8,Megan Hampton,2,54.0,69,3,69.67
8,Megan Hampton,2,61.0,86,3,82.33
8,Megan Hampton,2,97.0,94,3,76.67
8,Megan Hampton,2,74.0,100,3,92.33
8,Megan Hampton,3,53.0,82,3,73.0
8,Megan Hampton,3,78.0,84,3,86.0
9,Dominic Cook,1,59.0,67,3,86.67
9,Dominic Cook,1,53.0,71,3,68.0
9,Dominic Cook,2,65.0,62,3,85.33
9,Dominic Cook,2,78.0,76,3,80.33
9,Dominic Cook,2,85.0,88,3,85.33
9,Dominic Cook,2,99.0,94,3,91.67
9,Dominic Cook,3,91.0,65,3,56.0
9,Dominic Cook,3,79.0,79,3,70.33
9,Dominic Cook,3,99.0,88,3,67.67
10,Kevin Hall,1,97.0,74,3,80.33
10,Kevin Hall,1,94.0,86,3,86.67
10,Kevin Hall,1,82.5,88,6,78.5
10,Kevin Hall,2,72.0,84,3,75.67
10,Kevin Hall,2,53.0,88,6,75.83
10,Kevin Hall,3,99.0,66,3,88.0
10,Kevin Hall,3,52.0,67,3,79.67
10,Kevin Hall,3,80.0,75,3,73.0
11,Justin Leonard,1,46.0,38,3,41.33
11,Justin Leonard,1,84.0,76,3,69.67
11,Justin Leonard,1,82.0,90,3,77.67
11,Justin Leonard,1,85.0,96,3,80.33
11,Justin Leonard,2,39.0,36,3,42.33
11,Justin Leonard,2,78.0,73,3,69.0
11,Justin Leonard,2,90.0,88,3,59.67
11,Justin Leonard,3,48.0,33,3,40.67
11,Justin Leonard,3,32.0,43,3,40.0
11,Justin Leonard,3,65.0,85,3,82.33
11,Justin Leonard,3,99.0,96,3,75.67
12,Matthew Allison,1,55.0,61,3,92.67
12,Matthew Allison,1,83.0,66,3,79.0
12,Matthew Allison,1,56.0,99,3,68.0
12,Matthew Allison,2,98.0,87,3,76.0
12,Matthew Allison,2,60.0,96,3,74.0
12,Matthew Allison,3,59.0,61,3,82.33
12,Matthew Allison,3,48.0,68,3,37.33
12,Matthew Allison,3,72.0,75,3,69.0
12,Matthew Allison,3,67.0,78,3,65.67
12,Matthew Allison,3,54.0,88,3,71.67
13,Michael Avila,1,81.0,60,3,71.67
13,Michael Avila,1,51.0,70,3,68.33
13,Michael Avila,1,95.0,89,3,67.0
13,Michael Avila,1,99.0,95,3,67.33
13,Michael Avila,2,91.0,66,3,67.0
13,Michael Avila,2,48.0,73,3,44.0
13,Michael Avila,3,37.0,38,3,41.67
13,Michael Avila,3,38.0,54,3,41.0
13,Michael Avila,3,62.0,90,3,78.33
14,Donna Torres,1,37.0,37,3,42.33
14,Donna Torres,1,99.0,87,3,81.67
14,Donna Torres,1,70.0,96,3,75.67
14,Donna Torres,2,82.0,60,3,80.33
14,Donna Torres,2,96.0,65,3,82.0
14,Donna Torres,2,71.0,89,3,71.0
14,Donna Torres,3,99.0,66,3,79.67
14,Donna Torres,3,88.0,82,3,68.67
14,Donna Torres,3,99.0,86,3,68.0
14,Donna Torres,3,98.0,95,3,91.33
15,Kimberly Hardin,1,82.0,60,3,80.0
15,Kimberly Hardin,1,48.0,64,3,35.33
15,Kimberly Hardin,1,89.0,81,3,77.33
15,Kimberly Hardin,1,85.0,84,3,76.67
15,Kimberly Hardin,1,55.0,89,3,87.33
15,Kimberly Hardin,2,33.0,40,3,40.0
15,Kimberly Hardin,2,50.0,66,3,72.33
15,Kimberly Hardin,2,33.0,70,3,35.67
15,Kimberly Hardin,2,66.0,80,3,78.33
15,Kimberly Hardin,3,36.0,49,3,39.33
15,Kimberly Hardin,3,91.0,64,3,67.33
15,Kimberly Hardin,3,57.0,85,3,63.33
15,Kimberly Hardin,3,89.0,98,3,75.67
16,Felicia Miller,1,84.0,63,3,77.67
16,Felicia Miller,1,76.0,67,3,70.0
16,Felicia Miller,1,63.0,76,3,76.33
16,Felicia Miller,1,57.0,84,3,70.67
16,Felicia Miller,2,89.0,67,3,72.67
16,Felicia Miller,2,83.5,72,6,75.0
16,Felicia Miller,2,90.0,83,3,76.67
16,Felicia Miller,3,73.0,64,3,73.0
16,Felicia Miller,3,69.0,74,3,73.67
16,Felicia Miller,3,53.0,93,3,91.33
17,Emily Shah,1,44.0,35,3,35.33
17,Emily Shah,1,76.0,67,3,90.67
17,Emily Shah,1,94.0,70,3,64.0
17,Emily Shah,2,74.0,61,3,76.0
17,Emily Shah,2,38.0,68,3,36.0
17,Emily Shah,2,82.0,87,3,70.0
17,Emily Shah,2,94.0,94,3,76.67
17,Emily Shah,2,99.0,100,3,88.0
17,Emily Shah,3,69.0,71,3,90.33
17,Emily Shah,3,82.0,72,6,71.0
17,Emily Shah,3,54.0,90,3,70.33
17,Emily Shah,3,90.0,93,3,61.67
18,Melissa Baker,1,63.0,64,3,65.33
18,Melissa Baker,1,89.0,65,3,60.67
18,Melissa Baker,1,75.0,68,3,76.67
18,Melissa Baker,1,42.0,71,3,39.33
18,Melissa Baker,2,94.0,73,3,72.67
18,Melissa Baker,2,52.0,76,3,71.33
18,Melissa Baker,2,59.0,81,3,80.0
18,Melissa Baker,2,84.0,98,3,75.0
18,Melissa Baker,3,64.0,77,3,78.33
18,Melissa Baker,3,51.0,95,3,70.0
18,Melissa Baker,3,74.0,100,3,64.33
19,Jennifer Sawyer,1,98.0,71,3,76.67
19,Jennifer Sawyer,1,55.0,74,3,80.0
19,Jennifer Sawyer,1,74.0,81,3,91.67
19,Jennifer Sawyer,1,78.0,100,3,86.0
19,Jennifer Sawyer,2,86.0,61,3,74.0
19,Jennifer Sawyer,2,95.0,71,3,78.67
19,Jennifer Sawyer,2,50.0,78,3,81.0
19,Jennifer Sawyer,2,82.0,82,3,82.67
19,Jennifer Sawyer,3,99.0,70,3,80.0
19,Jennifer Sawyer,3,86.0,88,3,78.67
19,Jennifer Sawyer,3,76.0,97,3,63.33
20,Caleb Pope,1,56.0,60,3,86.67
20,Caleb Pope,1,83.0,64,3,59.33
20,Caleb Pope,1,51.0,75,3,72.0
20,Caleb Pope,2,100.0,85,3,79.67
20,Caleb Pope,2,75.0,97,6,67.33
20,Caleb Pope,3,39.0,32,3,44.67
20,Caleb Pope,3,99.0,63,3,77.0
20,Caleb Pope,3,68.0,100,3,67.67
21,Jasmin Moore,1,76.0,74,3,78.0
21,Jasmin Moore,1,64.0,98,3,69.67
21,Jasmin Moore,2,95.0,64,3,72.67
21,Jasmin Moore,2,82.0,73,3,67.67
21,Jasmin Moore,2,65.0,76,3,66.67
21,Jasmin Moore,2,75.0,91,3,78.33
21,Jasmin Moore,3,43.0,50,3,39.33
21,Jasmin Moore,3,32.0,51,3,34.33
21,Jasmin Moore,3,66.0,97,3,76.0
21,Jasmin Moore,3,68.0,98,3,80.33
22,Kenneth Lutz,1,82.0,65,3,79.67
22,Kenneth Lutz,1,66.0,68,3,85.33
22,Kenneth Lutz,2,75.0,65,3,78.0
22,Kenneth Lutz,2,69.0,89,3,69.67
22,Kenneth Lutz,3,79.0,67,3,80.67
22,Kenneth Lutz,3,55.0,83,3,75.0
23,Keith Hall,1,67.0,66,3,80.67
23,Keith Hall,1,31.0,67,3,38.67
23,Keith Hall,1,91.0,75,3,76.33
23,Keith Hall,1,88.0,92,3,69.67
23,Keith Hall,2,36.0,47,3,42.33
23,Keith Hall,2,77.5,71,6,74.5
23,Keith Hall,2,95.0,85,3,75.33
23,Keith Hall,3,71.0,66,3,87.33
23,Keith Hall,3,51.0,85,3,87.67
23,Keith Hall,3,99.0,89,3,86.33
23,Keith Hall,3,63.0,93,3,82.67
23,Keith Hall,3,95.0,97,3,65.67
24,Toni Rodriguez,1,99.0,75,3,84.67
24,Toni Rodriguez,1,64.0,90,3,81.0
24,Toni Rodriguez,1,88.0,94,3,76.67
24,Toni Rodriguez,2,76.0,82,3,67.33
24,Toni Rodriguez,2,53.0,85,3,76.0
24,Toni Rodriguez,2,81.0,94,3,68.67
24,Toni Rodriguez,3,37.0,50,3,37.33
24,Toni Rodriguez,3,84.0,67,3,67.0
24,Toni Rodriguez,3,73.0,76,3,68.33
25,Steven Fleming,1,31.0,32,3,40.0
25,Steven Fleming,1,62.0,75,3,85.0
25,Steven Fleming,1,76.0,91,3,75.67
25,Steven Fleming,1,90.0,100,3,63.33
25,Steven Fleming,2,86.0,72,3,79.0
25,Steven Fleming,2,84.0,96,3,57.67
25,Steven Fleming,3,32.0,32,3,46.67
25,Steven Fleming,3,59.0,70,3,71.0
25,Steven Fleming,3,50.0,90,3,79.0
25,Steven Fleming,3,93.0,96,3,69.67
26,John Campbell,1,92.0,67,3,68.0
26,John Campbell,1,65.0,79,3,91.0
26,John Campbell,1,87.0,98,3,70.33
26,John Campbell,2,31.0,55,3,34.33
26,John Campbell,2,68.0,85,3,74.0
26,John Campbell,3,38.0,34,3,43.0
26,John Campbell,3,35.0,43,3,33.33
26,John Campbell,3,46.0,51,3,43.67
26,John Campbell,3,89.0,60,3,69.33
26,John Campbell,3,97.0,86,3,78.67
27,Jesse Hughes,1,87.0,71,3,86.33
27,Jesse Hughes,1,68.0,72,3,86.67
27,Jesse Hughes,1,80.0,93,3,81.33
27,Jesse Hughes,2,46.0,74,3,45.0
27,Jesse Hughes,2,60.0,83,3,86.33
27,Jesse Hughes,2,52.0,90,3,87.33
27,Jesse Hughes,2,86.0,97,3,93.33
27,Jesse Hughes,2,60.0,100,3,64.67
27,Jesse Hughes,3,32.0,52,3,31.67
27,Jesse Hughes,3,85.0,78,3,80.67
27,Jesse Hughes,3,87.0,85,3,79.0
27,Jesse Hughes,3,90.0,86,3,76.0
28,Sarah Howard,1,44.0,33,3,41.67
28,Sarah Howard,1,41.0,42,3,43.33
28,Sarah Howard,1,87.0,87,3,72.67
28,Sarah Howard,1,74.0,90,3,73.67
28,Sarah Howard,2,33.0,46,3,36.67
28,Sarah Howard,2,84.0,67,3,73.67
28,Sarah Howard,2,56.0,81,3,82.0
28,Sarah Howard,2,57.0,87,3,74.33
28,Sarah Howard,3,94.0,61,3,78.33
28,Sarah Howard,3,61.0,66,3,66.67
28,Sarah Howard,3,74.0,88,3,63.33
28,Sarah Howard,3,75.0,89,3,72.33
29,Jenny Patterson,1,44.0,54,3,38.33
29,Jenny Patterson,1,49.0,61,3,44.33
29,Jenny Patterson,1,46.0,66,3,33.33
29,Jenny Patterson,1,72.0,89,3,75.33
29,Jenny Patterson,2,72.0,64,3,88.67
29,Jenny Patterson,2,73.0,79,3,70.0
29,Jenny Patterson,3,62.0,67,3,88.33
29,Jenny Patterson,3,78.0,88,3,74.0
29,Jenny Patterson,3,57.0,92,3,75.0
30,Felicia Small,1,45.0,53,3,33.67
30,Felicia Small,1,81.0,66,3,75.67
30,Felicia Small,1,66.0,82,3,67.67
30,Felicia Small,1,98.0,88,3,82.33
30,Felicia Small,2,49.0,32,3,45.0
30,Felicia Small,2,50.0,85,3,76.67
30,Felicia Small,2,69.0,99,3,76.67
30,Felicia Small,3,42.0,42,3,40.0
30,Felicia Small,3,100.0,65,3,65.33
30,Felicia Small,3,79.0,69,3,61.0
30,Felicia Small,3,80.0,93,3,62.33
31,Jeff Young,1,96.0,62,3,75.67
31,Jeff Young,1,98.0,66,3,65.67
31,Jeff Young,1,58.0,79,3,65.67
31,Jeff Young,1,90.0,90,3,71.33
31,Jeff Young,2,52.0,64,3,83.0
31,Jeff Young,2,54.0,90,3,77.33
31,Jeff Young,2,80.0,100,3,59.67
31,Jeff Young,3,97.0,62,3,88.0
31,Jeff Young,3,53.0,69,3,71.0
31,Jeff Young,3,82.0,77,3,77.67
31,Jeff Young,3,84.0,92,3,74.33
31,Jeff Young,3,87.0,93,3,65.33
32,Ralph Hernandez,1,99.0,67,3,83.67
32,Ralph Hernandez,1,47.0,68,3,47.33
32,Ralph Hernandez,1,79.0,85,3,76.33
32,Ralph Hernandez,2,48.0,63,3,39.33
32,Ralph Hernandez,2,55.0,75,3,79.67
32,Ralph Hernandez,2,100.0,94,3,89.67
32,Ralph Hernandez,3,33.0,52,3,35.67
32,Ralph Hernandez,3,98.0,63,3,65.33
32,Ralph Hernandez,3,71.0,88,3,72.67
33,Barbara Smith,1,98.0,81,3,66.33
33,Barbara Smith,1,55.0,84,3,74.33
33,Barbara Smith,2,35.0,45,3,32.0
33,Barbara Smith,2,94.0,67,3,66.67
33,Barbara Smith,2,83.0,73,3,83.67
33,Barbara Smith,2,62.0,83,3,69.67
33,Barbara Smith,2,50.0,90,3,70.0
33,Barbara Smith,3,75.0,76,3,79.0
33,Barbara Smith,3,54.0,84,3,67.0
33,Barbara Smith,3,67.0,100,3,83.0
34,David Henderson,1,81.0,80,3,87.33
34,David Henderson,1,92.0,84,3,66.67
34,David Henderson,1,54.0,92,3,77.0
34,David Henderson,1,56.0,96,3,79.0
34,David Henderson,2,30.0,58,3,41.33
34,David Henderson,2,56.0,61,3,77.33
34,David Henderson,2,68.0,79,3,76.33
34,David Henderson,2,98.0,87,3,87.67
34,David Henderson,2,58.0,91,3,83.33
34,David Henderson,3,61.0,61,3,73.0
34,David Henderson,3,52.0,69,3,69.0
34,David Henderson,3,37.0,75,3,46.67
35,Elizabeth Choi,1,69.0,73,3,73.0
35,Elizabeth Choi,1,79.0,86,3,71.33
35,Elizabeth Choi,1,54.0,91,3,79.0
35,Elizabeth Choi,1,65.0,93,3,70.0
35,Elizabeth Choi,1,97.0,98,3,66.33
35,Elizabeth Choi,2,70.0,65,3,77.0
35,Elizabeth Choi,2,54.0,86,3,61.67
35,Elizabeth Choi,2,77.0,90,3,74.33
35,Elizabeth Choi,2,82.0,100,3,78.33
35,Elizabeth Choi,3,89.0,63,3,72.67
35,Elizabeth Choi,3,64.0,65,3,78.67
35,Elizabeth Choi,3,50.0,73,3,92.67
35,Elizabeth Choi,3,65.0,92,3,82.0
36,Jamie Orozco,1,33.0,38,3,40.0
36,Jamie Orozco,1,64.0,83,3,84.33
36,Jamie Orozco,1,73.0,94,3,89.0
36,Jamie Orozco,1,55.0,97,3,71.33
36,Jamie Orozco,2,50.0,63,3,65.0
36,Jamie Orozco,2,35.0,69,3,34.0
36,Jamie Orozco,2,81.0,75,3,86.67
36,Jamie Orozco,2,60.0,96,3,85.33
36,Jamie Orozco,3,46.0,31,3,36.33
36,Jamie Orozco,3,67.0,71,3,87.67
36,Jamie Orozco,3,68.0,81,3,90.33
37,Lisa Baker,1,69.0,66,3,72.33
37,Lisa Baker,1,83.0,69,3,78.0
37,Lisa Baker,1,78.0,87,3,74.0
37,Lisa Baker,1,77.0,93,3,85.0
37,Lisa Baker,2,50.0,63,3,87.67
37,Lisa Baker,2,56.0,73,3,77.67
37,Lisa Baker,2,97.0,82,3,77.33
37,Lisa Baker,2,95.0,84,3,83.0
37,Lisa Baker,2,88.0,89,3,59.0
37,Lisa Baker,3,81.0,68,3,94.67
37,Lisa Baker,3,80.0,72,3,92.33
37,Lisa Baker,3,89.0,88,3,77.33
38,Michael Rose,1,30.0,54,3,36.67
38,Michael Rose,1,76.0,63,3,76.67
38,Michael Rose,1,69.0,72,3,80.67
38,Michael Rose,1,88.0,81,3,66.33
38,Michael Rose,2,64.0,68,3,67.0
38,Michael Rose,2,95.0,99,3,78.67
38,Michael Rose,2,61.0,100,3,69.67
38,Michael Rose,3,100.0,77,3,73.33
38,Michael Rose,3,97.0,85,3,59.67
38,Michael Rose,3,58.0,86,3,81.33
38,Michael Rose,3,79.0,95,3,88.33
38,Michael Rose,3,98.0,97,3,79.0
39,Jacqueline Reynolds,1,72.0,61,3,62.67
39,Jacqueline Reynolds,1,87.0,82,3,78.0
39,Jacqueline Reynolds,2,77.0,63,3,70.0
39,Jacqueline Reynolds,2,100.0,92,3,84.67
39,Jacqueline Reynolds,2,95.0,93,3,75.0
39,Jacqueline Reynolds,3,93.0,63,3,63.33
39,Jacqueline Reynolds,3,78.0,73,3,65.33
39,Jacqueline Reynolds,3,83.0,97,3,68.0
40,Joyce Hall,1,91.0,64,3,82.0
40,Joyce Hall,1,82.0,82,3,70.0
40,Joyce Hall,1,100.0,85,3,67.33
40,Joyce Hall,1,61.0,94,3,69.0
40,Joyce Hall,2,60.0,61,3,72.67
40,Joyce Hall,2,87.0,71,3,80.67
40,Joyce Hall,2,54.0,82,3,75.67
40,Joyce Hall,3,88.0,70,3,66.33
40,Joyce Hall,3,62.0,71,3,83.67
41,Christian Green,1,48.0,37,3,37.0
41,Christian Green,1,98.0,66,3,79.33
41,Christian Green,1,76.0,69,3,66.67
41,Christian Green,2,61.0,70,3,61.0
41,Christian Green,2,56.0,88,3,75.33
41,Christian Green,2,76.0,92,3,71.0
41,Christian Green,2,56.0,100,3,79.33
41,Christian Green,3,91.0,75,3,67.67
41,Christian Green,3,86.0,80,3,79.67
41,Christian Green,3,62.0,81,3,80.0
41,Christian Green,3,86.0,90,3,81.67
42,Kayla Schmidt,1,74.0,68,3,55.0
42,Kayla Schmidt,1,95.0,70,3,67.33
42,Kayla Schmidt,1,54.0,72,3,68.33
42,Kayla Schmidt,1,79.0,78,3,71.33
42,Kayla Schmidt,2,59.0,63,3,75.33
42,Kayla Schmidt,2,61.0,73,3,70.67
42,Kayla Schmidt,2,55.0,77,3,84.33
42,Kayla Schmidt,2,99.0,96,3,74.33
42,Kayla Schmidt,3,41.0,33,3,42.67
42,Kayla Schmidt,3,94.0,61,3,76.0
42,Kayla Schmidt,3,61.0,76,3,64.33
43,Tabitha White,1,33.0,52,3,46.0
43,Tabitha White,1,37.0,67,3,39.0
43,Tabitha White,1,99.0,77,3,85.33
43,Tabitha White,2,55.0,65,3,71.0
43,Tabitha White,2,53.0,78,3,75.33
43,Tabitha White,2,68.0,90,3,56.0
43,Tabitha White,3,43.0,45,3,35.0
43,Tabitha White,3,51.0,83,3,63.67
43,Tabitha White,3,75.0,97,3,82.0
44,Joseph Bishop,1,34.0,51,3,44.67
44,Joseph Bishop,1,62.0,61,3,78.33
44,Joseph Bishop,1,90.0,63,3,66.33
44,Joseph Bishop,1,67.0,69,3,69.0
44,Joseph Bishop,2,86.0,60,3,79.0
44,Joseph Bishop,2,70.0,84,3,68.33
44,Joseph Bishop,2,74.0,86,3,60.33
44,Joseph Bishop,2,70.0,98,3,73.67
44,Joseph Bishop,3,68.0,65,3,88.0
44,Joseph Bishop,3,35.0,68,3,35.33
44,Joseph Bishop,3,78.0,73,3,72.0
44,Joseph Bishop,3,67.0,93,3,71.0
45,Abigail Bowers,1,91.0,63,3,78.33
45,Abigail Bowers,1,89.0,71,3,75.0
45,Abigail Bowers,1,91.5,84,6,75.17
45,Abigail Bowers,1,72.0,96,3,70.67
45,Abigail Bowers,2,33.0,37,3,40.33
45,Abigail Bowers,2,35.0,52,3,37.67
45,Abigail Bowers,2,66.0,85,3,72.67
45,Abigail Bowers,2,94.0,87,3,69.0
45,Abigail Bowers,3,88.0,71,3,87.0
45,Abigail Bowers,3,77.0,75,3,93.0
45,Abigail Bowers,3,55.0,77,3,66.33
45,Abigail Bowers,3,56.0,80,3,89.33
46,Gail Larsen,1,38.0,40,3,42.33
46,Gail Larsen,1,81.0,61,3,89.67
46,Gail Larsen,1,77.0,73,3,89.67
46,Gail Larsen,1,94.0,88,3,77.0
46,Gail Larsen,2,40.0,54,3,41.67
46,Gail Larsen,2,93.0,67,3,76.33
46,Gail Larsen,2,85.0,82,3,63.0
46,Gail Larsen,3,86.0,65,3,61.67
46,Gail Larsen,3,90.0,78,3,71.33
46,Gail Larsen,3,58.0,89,3,70.33
46,Gail Larsen,3,52.0,93,3,77.67
46,Gail Larsen,3,52.0,96,3,75.33
47,Jacob Hughes,1,73.0,68,3,83.0
47,Jacob Hughes,1,52.0,78,3,82.0
47,Jacob Hughes,1,79.0,79,3,71.33
47,Jacob Hughes,2,42.0,45,3,38.0
47,Jacob Hughes,2,57.0,76,3,72.67
47,Jacob Hughes,2,97.0,83,3,95.33
47,Jacob Hughes,2,87.0,85,3,72.0
47,Jacob Hughes,3,86.0,64,3,86.0
47,Jacob Hughes,3,62.0,85,3,78.0
47,Jacob Hughes,3,76.0,89,3,64.0
48,Kelly Greene,1,43.0,61,3,34.67
48,Kelly Greene,1,80.0,85,3,73.0
48,Kelly Greene,1,90.0,87,3,78.33
48,Kelly Greene,1,92.0,95,3,88.67
48,Kelly Greene,2,77.0,85,3,70.67
48,Kelly Greene,2,96.0,89,3,78.33
48,Kelly Greene,2,62.0,92,3,73.67
48,Kelly Greene,3,91.0,89,3,59.67
48,Kelly Greene,3,93.0,91,3,62.0
48,Kelly Greene,3,60.0,94,3,72.67
49,Randy Johnson,1,91.0,64,3,92.67
49,Randy Johnson,1,50.0,66,3,68.0
49,Randy Johnson,1,95.0,71,3,60.33
49,Randy Johnson,1,80.0,75,3,82.33
49,Randy Johnson,2,45.0,33,3,39.67
49,Randy Johnson,2,70.0,72,3,86.33
49,Randy Johnson,2,50.0,88,3,80.67
49,Randy Johnson,3,92.0,83,3,89.0
49,Randy Johnson,3,73.0,84,3,76.0
49,Randy Johnson,3,52.0,90,3,68.33
49,Randy Johnson,3,99.0,94,3,78.67
50,Mariah Johnson,1,32.0,42,3,42.33
50,Mariah Johnson,1,52.0,62,3,90.33
50,Mariah Johnson,1,40.0,67,3,40.67
50,Mariah Johnson,1,74.0,69,3,70.67
50,Mariah Johnson,2,35.0,50,3,37.67
50,Mariah Johnson,2,85.0,95,3,91.33
50,Mariah Johnson,3,54.0,75,3,77.0
50,Mariah Johnson,3,100.0,77,3,63.67
50,Mariah Johnson,3,63.0,79,3,69.67
50,Mariah Johnson,3,75.0,91,3,71.67
51,Matthew Hunt,1,77.0,62,3,75.67
51,Matthew Hunt,1,42.0,69,3,41.67
51,Matthew Hunt,1,81.0,70,3,65.0
51,Matthew Hunt,2,47.0,43,3,35.33
51,Matthew Hunt,2,77.0,64,3,75.67
51,Matthew Hunt,2,58.0,69,3,67.33
51,Matthew Hunt,2,68.0,71,3,78.33
51,Matthew Hunt,2,53.0,89,3,65.67
51,Matthew Hunt,3,84.0,60,3,75.0
51,Matthew Hunt,3,64.0,77,3,92.33
51,Matthew Hunt,3,75.0,82,3,60.0
51,Matthew Hunt,3,51.0,89,3,80.67
52,Nathan Copeland,1,31.0,57,3,41.33
52,Nathan Copeland,1,53.0,84,3,84.0
52,Nathan Copeland,1,56.0,91,3,69.0
52,Nathan Copeland,1,91.0,95,3,81.67
52,Nathan Copeland,2,79.0,61,3,89.67
52,Nathan Copeland,2,66.0,67,3,64.0
52,Nathan Copeland,2,57.0,76,3,69.0
52,Nathan Copeland,2,100.0,88,3,81.33
52,Nathan Copeland,3,43.0,38,3,34.33
52,Nathan Copeland,3,63.0,68,3,75.33
53,Jennifer Ramos,1,84.0,83,3,71.0
53,Jennifer Ramos,1,58.0,86,3,81.0
53,Jennifer Ramos,1,63.0,91,3,72.0
53,Jennifer Ramos,2,73.0,65,3,71.67
53,Jennifer Ramos,2,69.0,90,3,79.33
53,Jennifer Ramos,2,86.0,94,6,76.5
53,Jennifer Ramos,3,37.0,65,3,36.33
53,Jennifer Ramos,3,77.0,68,3,81.33
53,Jennifer Ramos,3,74.0,70,3,71.33
54,Amanda Jordan,1,70.0,69,3,68.67
54,Amanda Jordan,1,90.0,81,3,67.33
54,Amanda Jordan,1,96.0,93,3,69.0
54,Amanda Jordan,2,72.0,69,3,83.33
54,Amanda Jordan,2,58.0,85,3,71.0
54,Amanda Jordan,3,32.0,30,3,42.67
54,Amanda Jordan,3,70.0,68,3,72.33
54,Amanda Jordan,3,87.0,75,3,63.33
54,Amanda Jordan,3,68.0,93,3,68.67
54,Amanda Jordan,3,95.0,97,3,61.0
55,Tyler Macias,1,57.0,75,3,77.0
55,Tyler Macias,1,100.0,76,3,71.67
55,Tyler Macias,2,35.0,34,3,36.0
55,Tyler Macias,2,65.0,70,3,82.0
55,Tyler Macias,2,94.0,72,3,68.0
55,Tyler Macias,2,80.0,85,3,85.33
55,Tyler Macias,3,99.0,66,3,79.0
55,Tyler Macias,3,92.0,81,3,66.33
56,Roberto Phillips,1,62.0,79,3,82.67
56,Roberto Phillips,1,81.0,96,3,92.0
56,Roberto Phillips,2,65.0,80,3,86.0
56,Roberto Phillips,2,87.0,81,3,76.0
56,Roberto Phillips,2,77.0,95,3,83.33
56,Roberto Phillips,3,78.0,69,3,81.33
56,Roberto Phillips,3,89.0,76,3,81.0
56,Roberto Phillips,3,59.0,78,3,81.67
56,Roberto Phillips,3,98.0,100,3,92.67
57,Nancy Edwards,1,93.0,62,3,77.33
57,Nancy Edwards,1,85.0,69,3,86.33
57,Nancy Edwards,2,36.0,33,3,39.0
57,Nancy Edwards,2,80.0,70,3,67.0
57,Nancy Edwards,2,65.0,82,3,78.0
57,Nancy Edwards,3,44.0,33,3,38.67
57,Nancy Edwards,3,96.0,92,3,78.0
57,Nancy Edwards,3,67.0,95,3,77.67
57,Nancy Edwards,3,91.0,99,3,69.0
58,Brittany Jackson,1,31.0,49,3,42.0
58,Brittany Jackson,1,32.0,51,3,35.33
58,Brittany Jackson,2,42.0,30,3,42.0
58,Brittany Jackson,2,82.0,81,3,73.33
58,Brittany Jackson,2,100.0,94,3,83.33
58,Brittany Jackson,3,72.0,87,3,77.33
58,Brittany Jackson,3,69.0,91,3,83.0
58,Brittany Jackson,3,57.0,99,3,80.0
58,Brittany Jackson,3,73.0,100,3,70.67
59,Ann King,1,62.0,84,3,78.33
59,Ann King,1,95.0,85,3,78.0
59,Ann King,1,94.0,96,3,82.33
59,Ann King,2,38.0,30,3,44.0
59,Ann King,2,71.0,73,3,86.0
59,Ann King,2,80.0,78,3,90.33
59,Ann King,3,57.0,77,3,76.67
59,Ann King,3,86.0,82,3,62.67
59,Ann King,3,77.0,93,3,57.33
60,Jacob Cross,1,55.0,65,3,94.0
60,Jacob Cross,1,66.0,67,3,69.33
60,Jacob Cross,1,68.0,75,3,75.67
60,Jacob Cross,1,98.0,87,3,75.67
60,Jacob Cross,1,99.0,95,3,77.0
60,Jacob Cross,2,89.0,62,3,57.33
60,Jacob Cross,2,65.0,82,3,86.33
60,Jacob Cross,2,57.0,85,3,85.33
60,Jacob Cross,3,60.0,66,3,77.67
60,Jacob Cross,3,34.0,67,3,40.33
60,Jacob Cross,3,89.0,71,3,82.0
60,Jacob Cross,3,100.0,76,3,82.67
60,Jacob Cross,3,84.0,95,3,73.0
61,Mark Livingston,1,46.0,72,3,34.0
61,Mark Livingston,1,70.0,73,3,84.0
61,Mark Livingston,1,77.0,78,3,72.67
61,Mark Livingston,2,73.0,61,3,77.67
61,Mark Livingston,2,81.0,67,3,86.67
61,Mark Livingston,2,32.0,72,3,41.0
61,Mark Livingston,2,80.0,99,3,68.0
61,Mark Livingston,3,31.0,50,3,41.33
61,Mark Livingston,3,84.0,69,3,79.0
61,Mark Livingston,3,56.0,77,3,85.0
62,Anna Wilson,1,92.0,60,3,70.0
62,Anna Wilson,1,96.0,64,3,71.67
62,Anna Wilson,1,80.0,88,3,86.0
62,Anna Wilson,2,35.0,66,3,37.33
62,Anna Wilson,2,81.0,85,3,67.67
62,Anna Wilson,2,51.0,94,3,62.67
62,Anna Wilson,2,91.0,99,3,75.33
62,Anna Wilson,3,70.0,60,3,73.0
62,Anna Wilson,3,51.0,63,3,52.0
62,Anna Wilson,3,56.0,68,3,69.33
62,Anna Wilson,3,57.0,69,3,72.0
63,Deborah Harris,1,59.0,61,3,84.0
63,Deborah Harris,1,42.0,64,3,35.33
63,Deborah Harris,1,67.0,100,3,80.0
63,Deborah Harris,2,43.0,38,3,37.67
63,Deborah Harris,2,87.0,69,3,73.0
63,Deborah Harris,2,58.0,75,3,69.67
63,Deborah Harris,3,66.5,65,6,75.33
63,Deborah Harris,3,78.0,77,3,75.67
63,Deborah Harris,3,65.0,86,3,63.33
63,Deborah Harris,3,60.0,93,3,67.33
64,Andrew Williams,1,52.0,83,3,82.67
64,Andrew Williams,1,96.0,92,3,79.67
64,Andrew Williams,1,56.0,95,3,72.67
64,Andrew Williams,1,57.0,100,3,62.67
64,Andrew Williams,2,65.0,63,3,75.67
64,Andrew Williams,2,92.0,75,3,63.33
64,Andrew Williams,3,34.0,36,3,35.67
64,Andrew Williams,3,66.0,90,3,70.67
64,Andrew Williams,3,68.0,98,3,89.0
65,Joshua Johnson,1,75.0,63,3,78.33
65,Joshua Johnson,1,58.0,92,3,76.0
65,Joshua Johnson,1,94.0,98,3,61.67
65,Joshua Johnson,2,34.0,58,3,47.67
65,Joshua Johnson,2,74.0,68,3,81.67
65,Joshua Johnson,2,70.0,87,3,76.67
65,Joshua Johnson,2,87.0,93,3,81.0
65,Joshua Johnson,2,77.0,99,3,66.33
65,Joshua Johnson,3,76.0,65,3,61.0
65,Joshua Johnson,3,58.0,79,3,86.0
65,Joshua Johnson,3,59.0,84,3,60.67
66,Amanda Bailey,1,56.0,65,3,65.67
66,Amanda Bailey,1,65.0,77,3,77.33
66,Amanda Bailey,1,68.5,97,6,73.67
66,Amanda Bailey,2,56.0,64,3,85.0
66,Amanda Bailey,2,85.0,68,3,86.0
66,Amanda Bailey,2,76.0,87,3,90.33
66,Amanda Bailey,2,56.0,99,3,62.67
66,Amanda Bailey,3,69.0,67,3,81.0
66,Amanda Bailey,3,86.0,81,3,85.67
66,Amanda Bailey,3,77.0,82,3,64.33
66,Amanda Bailey,3,90.0,95,3,88.33
67,Victoria Thompson,1,87.0,66,3,67.33
67,Victoria Thompson,1,57.0,73,3,73.67
67,Victoria Thompson,1,91.0,84,3,80.67
67,Victoria Thompson,1,75.0,97,3,84.67
67,Victoria Thompson,2,41.0,55,3,38.67
67,Victoria Thompson,2,84.0,66,3,70.0
67,Victoria Thompson,2,62.0,71,3,70.0
67,Victoria Thompson,3,41.0,52,3,39.67
67,Victoria Thompson,3,100.0,65,3,84.33
67,Victoria Thompson,3,72.0,73,3,91.33
68,Melissa Garrison,1,95.0,62,3,64.33
68,Melissa Garrison,1,39.0,63,3,41.67
68,Melissa Garrison,1,53.0,75,3,82.0
68,Melissa Garrison,1,56.0,88,3,77.33
68,Melissa Garrison,2,86.0,74,3,69.0
68,Melissa Garrison,2,56.0,76,3,73.0
68,Melissa Garrison,2,50.0,85,3,68.67
68,Melissa Garrison,2,78.0,99,3,70.33
68,Melissa Garrison,3,42.0,50,3,38.67
68,Melissa Garrison,3,81.0,62,3,70.0
68,Melissa Garrison,3,59.0,67,3,81.67
69,Patricia Hawkins,1,76.0,68,3,81.67
69,Patricia Hawkins,1,59.0,70,3,84.0
69,Patricia Hawkins,1,76.0,73,3,71.67
69,Patricia Hawkins,1,54.0,81,3,85.33
69,Patricia Hawkins,2,55.0,69,3,82.67
69,Patricia Hawkins,2,65.0,77,3,74.0
69,Patricia Hawkins,2,93.0,86,3,81.67
69,Patricia Hawkins,2,79.0,90,3,80.67
69,Patricia Hawkins,3,47.0,51,3,40.67
69,Patricia Hawkins,3,63.0,65,3,83.67
69,Patricia Hawkins,3,95.0,69,3,70.67
69,Patricia Hawkins,3,58.5,87,6,70.5
70,Joshua Bullock,1,62.0,76,3,82.0
70,Joshua Bullock,1,67.0,85,3,70.67
70,Joshua Bullock,1,55.0,95,3,76.67
70,Joshua Bullock,2,62.0,60,3,85.0
70,Joshua Bullock,2,61.0,66,3,80.33
70,Joshua Bullock,3,97.0,66,3,75.0
70,Joshua Bullock,3,72.0,80,6,74.67
71,Lucas Franklin,1,90.0,65,3,72.33
71,Lucas Franklin,1,86.0,72,3,70.33
71,Lucas Franklin,1,51.0,78,3,69.0
71,Lucas Franklin,1,80.0,85,3,88.33
71,Lucas Franklin,1,64.0,98,3,60.33
71,Lucas Franklin,2,87.0,61,3,61.67
71,Lucas Franklin,2,51.0,78,3,79.67
71,Lucas Franklin,2,80.0,86,3,77.0
71,Lucas Franklin,2,89.0,99,3,79.67
71,Lucas Franklin,3,73.0,61,3,76.67
71,Lucas Franklin,3,78.0,78,3,81.67
71,Lucas Franklin,3,98.0,79,3,66.33
72,Amanda Nixon,1,67.0,69,3,78.33
72,Amanda Nixon,1,81.5,74,6,68.33
72,Amanda Nixon,1,58.0,76,3,76.33
72,Amanda Nixon,2,49.0,37,3,42.33
72,Amanda Nixon,2,44.0,46,3,36.67
72,Amanda Nixon,2,44.0,70,3,39.67
72,Amanda Nixon,2,56.0,96,3,82.33
72,Amanda Nixon,3,42.0,50,3,44.67
72,Amanda Nixon,3,42.0,58,3,45.0
72,Amanda Nixon,3,73.0,65,3,79.67
72,Amanda Nixon,3,87.0,68,3,76.0
72,Amanda Nixon,3,50.0,89,3,87.33
73,Diana Taylor,1,94.0,60,3,70.0
73,Diana Taylor,1,50.0,74,3,76.67
73,Diana Taylor,1,57.0,75,3,62.67
73,Diana Taylor,2,41.0,50,3,41.33
73,Diana Taylor,2,87.0,61,3,85.0
73,Diana Taylor,2,72.0,81,3,75.67
73,Diana Taylor,3,46.0,71,3,38.67
73,Diana Taylor,3,64.0,79,3,67.67
73,Diana Taylor,3,74.0,83,3,90.0
73,Diana Taylor,3,83.5,93,6,78.5
74,Karen Taylor,1,57.0,68,3,70.0
74,Karen Taylor,1,86.0,74,3,75.33
74,Karen Taylor,1,65.0,80,3,69.33
74,Karen Taylor,2,94.0,67,3,75.0
74,Karen Taylor,2,71.0,78,3,66.33
74,Karen Taylor,2,90.0,80,3,67.0
74,Karen Taylor,2,71.0,81,3,75.67
74,Karen Taylor,2,95.0,94,3,77.33
74,Karen Taylor,3,61.0,61,3,76.67
74,Karen Taylor,3,73.0,66,3,79.0
75,Joseph Hudson,1,36.0,32,3,35.33
75,Joseph Hudson,1,54.0,74,3,87.33
75,Joseph Hudson,1,71.0,80,3,73.67
75,Joseph Hudson,1,57.0,89,3,87.0
75,Joseph Hudson,2,48.0,57,3,41.0
75,Joseph Hudson,2,88.0,71,3,76.0
75,Joseph Hudson,2,75.0,77,3,75.67
75,Joseph Hudson,2,100.0,94,3,75.67
75,Joseph Hudson,3,60.5,85,6,82.0
75,Joseph Hudson,3,68.0,98,3,70.67
76,Kimberly Reynolds,1,90.0,66,3,77.0
76,Kimberly Reynolds,1,36.0,72,3,36.67
76,Kimberly Reynolds,2,32.0,30,3,43.0
76,Kimberly Reynolds,2,50.0,71,3,61.0
76,Kimberly Reynolds,2,77.0,72,3,99.33
76,Kimberly Reynolds,2,67.0,86,3,75.67
76,Kimberly Reynolds,2,85.0,95,3,80.67
76,Kimberly Reynolds,3,31.0,30,3,38.67
76,Kimberly Reynolds,3,58.0,66,3,74.0
77,Amanda Reynolds,1,38.0,44,3,48.67
77,Amanda Reynolds,1,85.0,86,3,61.67
77,Amanda Reynolds,2,92.0,68,3,80.67
77,Amanda Reynolds,2,58.0,84,3,72.0
77,Amanda Reynolds,2,62.0,92,3,75.0
77,Amanda Reynolds,2,100.0,99,3,81.33
77,Amanda Reynolds,3,83.0,73,3,73.67
77,Amanda Reynolds,3,77.0,74,3,80.33
77,Amanda Reynolds,3,80.0,83,3,57.33
78,Billy Vazquez,1,94.0,61,3,66.33
78,Billy Vazquez,1,75.0,89,3,68.33
78,Billy Vazquez,2,90.0,63,3,76.0
78,Billy Vazquez,2,69.0,70,3,70.67
78,Billy Vazquez,2,68.0,96,3,80.67
78,Billy Vazquez,3,97.0,60,3,81.0
78,Billy Vazquez,3,93.0,82,3,79.0
78,Billy Vazquez,3,95.0,100,3,74.33
79,Dawn Arnold,1,95.0,64,3,71.33
79,Dawn Arnold,1,100.0,65,3,59.67
79,Dawn Arnold,1,44.0,70,3,40.0
79,Dawn Arnold,1,88.0,81,3,67.0
79,Dawn Arnold,1,82.0,91,3,76.67
79,Dawn Arnold,2,52.0,71,3,68.0
79,Dawn Arnold,2,70.0,87,6,75.17
79,Dawn Arnold,2,66.0,91,3,76.33
79,Dawn Arnold,3,58.0,61,3,80.67
79,Dawn Arnold,3,63.0,62,3,67.67
79,Dawn Arnold,3,54.0,79,3,81.0
79,Dawn Arnold,3,76.0,86,3,69.33
80,Mike Smith,1,49.0,38,3,39.0
80,Mike Smith,1,43.0,44,3,40.0
80,Mike Smith,1,41.0,62,3,39.67
80,Mike Smith,1,72.0,68,3,65.33
80,Mike Smith,1,80.0,70,3,77.33
80,Mike Smith,2,68.0,68,3,78.33
80,Mike Smith,2,93.0,73,3,81.67
80,Mike Smith,2,92.0,78,3,82.67
80,Mike Smith,2,86.0,100,3,81.67
80,Mike Smith,3,65.0,64,3,80.33
80,Mike Smith,3,65.0,80,3,91.0
80,Mike Smith,3,53.0,91,3,88.33
81,Allen Moore,1,59.0,62,3,67.33
81,Allen Moore,1,56.0,63,3,80.33
81,Allen Moore,1,82.0,87,3,73.0
81,Allen Moore,1,94.0,98,3,85.33
81,Allen Moore,2,31.0,60,3,43.0
81,Allen Moore,2,97.0,73,3,74.33
81,Allen Moore,2,66.0,75,3,68.67
81,Allen Moore,2,54.0,95,3,78.0
81,Allen Moore,3,88.0,62,3,81.67
81,Allen Moore,3,96.0,90,3,77.33
81,Allen Moore,3,67.0,98,3,83.67
82,Shawn Garcia,1,32.0,55,3,35.33
82,Shawn Garcia,1,90.0,72,3,76.67
82,Shawn Garcia,1,74.0,84,3,78.67
82,Shawn Garcia,2,42.0,46,3,38.67
82,Shawn Garcia,2,54.0,63,3,64.0
82,Shawn Garcia,2,50.0,87,3,83.67
82,Shawn Garcia,2,59.0,96,3,57.67
82,Shawn Garcia,3,49.0,33,3,47.0
82,Shawn Garcia,3,75.0,61,3,71.67
82,Shawn Garcia,3,65.0,68,3,77.0
82,Shawn Garcia,3,51.0,73,3,82.33
83,Mario Martin,1,72.0,62,3,74.33
83,Mario Martin,1,89.0,66,3,80.33
83,Mario Martin,1,100.0,70,3,92.67
83,Mario Martin,1,61.0,91,3,81.67
83,Mario Martin,2,51.0,76,3,53.0
83,Mario Martin,2,97.0,97,3,79.33
83,Mario Martin,2,59.0,99,3,67.0
83,Mario Martin,3,63.0,63,3,82.0
83,Mario Martin,3,62.0,65,3,74.67
83,Mario Martin,3,88.0,70,3,73.67
83,Mario Martin,3,86.0,86,3,79.67
84,Timothy Wallace,1,77.0,62,3,64.67
84,Timothy Wallace,1,85.0,73,3,76.0
84,Timothy Wallace,1,69.0,84,3,75.0
84,Timothy Wallace,1,61.0,92,3,85.0
84,Timothy Wallace,2,45.0,45,3,37.0
84,Timothy Wallace,2,75.0,65,3,77.0
84,Timothy Wallace,2,97.0,67,3,78.67
84,Timothy Wallace,2,65.0,88,3,73.67
84,Timothy Wallace,2,76.0,95,3,84.0
84,Timothy Wallace,3,75.0,62,3,66.0
84,Timothy Wallace,3,64.0,68,3,85.0
85,Maria Rodriguez,1,39.0,42,3,40.67
85,Maria Rodriguez,1,89.0,61,3,74.67
85,Maria Rodriguez,1,81.0,76,3,76.67
85,Maria Rodriguez,1,64.0,85,3,66.33
85,Maria Rodriguez,2,39.0,40,3,43.67
85,Maria Rodriguez,2,61.0,61,3,79.67
85,Maria Rodriguez,2,67.0,75,3,77.0
85,Maria Rodriguez,2,71.0,87,3,72.67
85,Maria Rodriguez,3,40.0,55,3,39.67
85,Maria Rodriguez,3,88.0,79,3,64.33
85,Maria Rodriguez,3,65.0,90,3,81.0
85,Maria Rodriguez,3,92.0,99,3,65.67
86,Stephanie Garcia,1,66.0,84,3,72.67
86,Stephanie Garcia,1,70.0,87,3,59.0
86,Stephanie Garcia,1,58.0,90,3,62.33
86,Stephanie Garcia,1,87.0,92,3,82.33
86,Stephanie Garcia,2,100.0,78,3,78.67
86,Stephanie Garcia,2,60.0,89,3,72.33
86,Stephanie Garcia,2,69.0,99,3,74.0
86,Stephanie Garcia,3,72.0,64,3,81.0
86,Stephanie Garcia,3,77.0,81,3,74.33
86,Stephanie Garcia,3,86.0,89,3,76.0
86,Stephanie Garcia,3,73.0,98,3,79.33
87,April Owens,1,45.0,65,3,47.0
87,April Owens,1,96.0,95,3,60.33
87,April Owens,2,32.0,52,3,38.33
87,April Owens,2,92.0,76,3,87.33
87,April Owens,2,91.0,81,3,76.0
87,April Owens,2,81.0,92,3,67.0
87,April Owens,3,74.0,72,3,66.67
87,April Owens,3,57.0,81,3,86.67
87,April Owens,3,89.0,99,3,65.0
87,April Owens,3,87.0,100,3,73.0
88,Jessica Haas,1,62.0,72,3,66.0
88,Jessica Haas,1,100.0,73,3,69.0
88,Jessica Haas,1,71.0,97,3,78.33
88,Jessica Haas,2,33.0,34,3,35.33
88,Jessica Haas,2,58.0,92,3,64.67
88,Jessica Haas,3,71.0,61,3,71.67
88,Jessica Haas,3,74.0,82,3,73.0
88,Jessica Haas,3,65.0,83,3,91.33
88,Jessica Haas,3,97.0,100,3,77.0
89,Aaron Hardin,1,94.0,67,3,69.33
89,Aaron Hardin,1,68.0,85,3,77.67
89,Aaron Hardin,2,66.0,85,3,72.67
89,Aaron Hardin,2,66.0,90,3,67.33
89,Aaron Hardin,2,84.0,96,3,65.67
89,Aaron Hardin,3,89.0,61,3,67.67
89,Aaron Hardin,3,30.0,75,3,45.67
89,Aaron Hardin,3,85.0,83,3,81.0
89,Aaron Hardin,3,77.0,89,3,69.33
89,Aaron Hardin,3,71.0,90,3,62.33
90,Miranda Glover,1,54.0,65,3,82.33
90,Miranda Glover,1,60.0,67,3,71.0
90,Miranda Glover,2,96.0,61,3,86.67
90,Miranda Glover,2,76.0,72,3,68.0
90,Miranda Glover,2,88.0,78,3,83.33
90,Miranda Glover,3,34.0,30,3,41.0
90,Miranda Glover,3,36.0,59,3,42.0
90,Miranda Glover,3,86.0,86,3,71.0
90,Miranda Glover,3,72.0,89,3,82.0
90,Miranda Glover,3,62.0,97,3,69.33
91,Kara Evans,1,43.0,65,3,41.0
91,Kara Evans,1,87.0,78,3,82.33
91,Kara Evans,1,75.0,80,3,70.67
91,Kara Evans,1,72.0,84,3,76.67
91,Kara Evans,2,82.0,81,6,75.33
91,Kara Evans,2,52.0,82,3,77.0
91,Kara Evans,2,74.0,95,3,83.0
91,Kara Evans,3,95.0,69,3,62.0
91,Kara Evans,3,71.5,70,6,88.67
92,Scott Myers,1,50.0,74,3,86.33
92,Scott Myers,1,52.0,75,3,80.33
92,Scott Myers,1,79.0,76,3,68.33
92,Scott Myers,2,31.0,40,3,40.33
92,Scott Myers,2,37.0,53,3,37.33
92,Scott Myers,3,60.0,66,3,78.33
92,Scott Myers,3,63.0,89,3,81.67
93,Ashley Johnson,1,97.0,63,3,78.67
93,Ashley Johnson,1,81.0,85,3,74.0
93,Ashley Johnson,1,92.0,93,3,67.33
93,Ashley Johnson,1,99.0,96,3,72.0
93,Ashley Johnson,2,42.0,60,3,35.33
93,Ashley Johnson,2,58.0,75,3,94.33
93,Ashley Johnson,2,57.0,85,3,76.67
93,Ashley Johnson,2,61.0,89,3,71.0
93,Ashley Johnson,3,89.0,71,3,84.67
93,Ashley Johnson,3,53.0,73,3,78.0
93,Ashley Johnson,3,52.0,83,3,78.67
93,Ashley Johnson,3,65.0,95,3,70.67
94,Brandon Hill,1,100.0,79,3,56.67
94,Brandon Hill,1,79.0,82,3,91.67
94,Brandon Hill,1,57.0,85,3,74.67
94,Brandon Hill,1,92.0,89,3,76.33
94,Brandon Hill,2,31.0,37,3,33.67
94,Brandon Hill,2,75.5,79,6,89.17
94,Brandon Hill,2,51.0,96,3,63.0
94,Brandon Hill,3,35.0,64,3,35.33
94,Brandon Hill,3,83.0,84,3,68.0
94,Brandon Hill,3,63.0,85,3,69.0
94,Brandon Hill,3,57.0,86,3,70.33
95,Cindy Gibson,1,64.0,60,3,61.33
95,Cindy Gibson,1,70.0,91,3,89.33
95,Cindy Gibson,2,47.0,47,3,36.33
95,Cindy Gibson,2,92.0,65,3,66.67
95,Cindy Gibson,2,60.0,77,3,51.67
95,Cindy Gibson,2,57.0,78,3,82.67
95,Cindy Gibson,2,66.0,83,3,68.0
95,Cindy Gibson,3,41.0,66,3,42.33
95,Cindy Gibson,3,69.0,83,3,75.33
95,Cindy Gibson,3,75.0,92,3,96.0
96,Tiffany Lawrence,1,33.0,74,3,40.67
96,Tiffany Lawrence,1,63.0,89,3,77.0
96,Tiffany Lawrence,1,80.0,96,3,87.0
96,Tiffany Lawrence,2,36.0,52,3,41.33
96,Tiffany Lawrence,2,100.0,60,3,68.0
96,Tiffany Lawrence,2,88.0,65,3,62.33
96,Tiffany Lawrence,2,96.0,93,3,84.33
96,Tiffany Lawrence,3,38.0,43,3,39.33
96,Tiffany Lawrence,3,64.0,73,3,76.67
96,Tiffany Lawrence,3,85.0,83,3,73.67
97,Kelly Williams,1,75.0,77,3,65.67
97,Kelly Williams,1,76.0,88,3,74.33
97,Kelly Williams,1,100.0,93,3,80.67
97,Kelly Williams,2,36.0,52,3,40.67
97,Kelly Williams,2,57.0,68,3,66.67
97,Kelly Williams,2,82.0,70,3,69.33
97,Kelly Williams,2,60.0,74,3,64.0
97,Kelly Williams,2,50.0,89,3,94.67
97,Kelly Williams,3,92.0,79,3,78.67
97,Kelly Williams,3,94.0,85,3,90.67
97,Kelly Williams,3,52.0,91,3,84.0
98,John Griffin,1,48.0,55,3,46.0
98,John Griffin,1,100.0,60,3,78.67
98,John Griffin,1,43.0,67,3,41.0
98,John Griffin,2,37.0,46,3,41.33
98,John Griffin,2,75.0,62,3,80.33
98,John Griffin,2,99.0,66,3,75.0
98,John Griffin,2,61.0,89,3,80.33
98,John Griffin,2,82.0,92,3,70.67
98,John Griffin,3,52.0,67,3,71.0
98,John Griffin,3,57.0,82,3,95.0
98,John Griffin,3,57.0,84,3,79.33
98,John Griffin,3,92.0,94,3,75.67
99,Christine Chavez,1,44.0,48,3,43.33
99,Christine Chavez,1,55.0,83,3,96.33
99,Christine Chavez,1,97.0,99,3,77.0
99,Christine Chavez,2,82.0,66,3,63.0
99,Christine Chavez,2,99.0,92,3,68.0
99,Christine Chavez,3,40.0,34,3,39.0
99,Christine Chavez,3,35.0,47,3,42.67
99,Christine Chavez,3,39.0,66,3,41.0
99,Christine Chavez,3,52.0,80,3,87.0
99,Christine Chavez,3,90.0,88,3,62.33
100,Gina Martin,1,79.0,64,3,83.67
100,Gina Martin,1,81.0,70,3,78.0
100,Gina Martin,1,75.0,83,3,63.0
100,Gina Martin,1,87.0,94,3,64.33
100,Gina Martin,2,83.0,80,3,66.67
100,Gina Martin,2,57.0,82,3,71.33
100,Gina Martin,3,45.0,49,3,37.0
100,Gina Martin,3,86.0,77,3,79.33
101,Matthew Morris,1,47.0,67,3,36.67
101,Matthew Morris,1,83.0,82,3,85.33
101,Matthew Morris,1,72.0,84,3,82.67
101,Matthew Morris,1,87.0,90,3,79.0
101,Matthew Morris,2,78.0,67,3,76.67
101,Matthew Morris,2,81.0,70,3,65.67
101,Matthew Morris,2,98.0,79,3,91.0
101,Matthew Morris,2,57.0,96,3,89.67
101,Matthew Morris,3,90.0,67,3,73.0
101,Matthew Morris,3,87.0,88,3,61.33
101,Matthew Morris,3,66.0,96,3,83.67
102,Brianna Ward,1,75.0,67,3,71.0
102,Brianna Ward,1,97.0,75,3,81.0
102,Brianna Ward,1,79.0,81,3,76.67
102,Brianna Ward,1,58.0,83,3,76.0
102,Brianna Ward,1,59.0,99,3,81.67
102,Brianna Ward,2,35.0,60,3,31.0
102,Brianna Ward,2,80.0,74,3,67.67
102,Brianna Ward,2,82.0,99,3,69.67
102,Brianna Ward,3,35.0,33,3,40.67
102,Brianna Ward,3,74.0,66,3,80.33
102,Brianna Ward,3,77.0,70,3,78.67
103,Dominique Rowe,1,79.5,63,6,75.83
103,Dominique Rowe,1,38.0,66,3,41.33
103,Dominique Rowe,2,91.0,67,3,69.67
103,Dominique Rowe,2,72.0,83,3,66.0
103,Dominique Rowe,3,79.0,67,3,69.67
103,Dominique Rowe,3,81.0,68,3,64.33
103,Dominique Rowe,3,95.0,82,3,73.0
104,Diana Torres,1,68.0,90,3,85.33
104,Diana Torres,1,78.0,94,3,58.67
104,Diana Torres,2,77.0,69,3,83.33
104,Diana Torres,2,62.0,79,3,65.33
104,Diana Torres,2,69.0,81,3,84.0
104,Diana Torres,2,57.0,97,3,80.33
104,Diana Torres,2,61.0,99,3,85.33
104,Diana Torres,3,50.0,83,3,76.67
104,Diana Torres,3,75.0,99,3,79.67
105,Terri Davis,1,72.0,61,3,93.67
105,Terri Davis,1,54.0,66,3,85.33
105,Terri Davis,1,72.0,82,3,86.0
105,Terri Davis,1,50.0,87,3,86.67
105,Terri Davis,2,71.0,79,3,74.0
105,Terri Davis,2,60.0,83,3,68.0
105,Terri Davis,2,81.0,88,3,88.33
105,Terri Davis,3,46.0,46,3,43.0
105,Terri Davis,3,91.0,62,3,88.67
105,Terri Davis,3,66.0,82,3,63.67
106,Lisa Wood,1,100.0,66,3,74.0
106,Lisa Wood,1,81.0,76,3,85.0
106,Lisa Wood,1,98.0,79,3,84.33
106,Lisa Wood,1,69.0,88,3,72.0
106,Lisa Wood,2,91.0,62,3,69.0
106,Lisa Wood,2,56.0,83,3,76.0
106,Lisa Wood,2,88.0,94,3,67.0
106,Lisa Wood,2,63.0,95,3,79.0
106,Lisa Wood,3,77.0,79,3,60.0
106,Lisa Wood,3,72.0,82,3,76.0
106,Lisa Wood,3,78.0,85,3,82.0
106,Lisa Wood,3,88.0,91,3,79.0
107,Suzanne Adams,1,36.0,40,3,41.33
107,Suzanne Adams,1,81.0,67,3,87.67
107,Suzanne Adams,1,55.0,68,3,59.0
107,Suzanne Adams,2,50.0,64,3,84.0
107,Suzanne Adams,2,80.0,88,3,83.33
107,Suzanne Adams,2,72.0,98,3,78.33
107,Suzanne Adams,3,46.0,37,3,35.33
107,Suzanne Adams,3,53.0,88,3,77.67
108,Barbara Smith,1,92.0,62,3,66.67
108,Barbara Smith,1,99.0,91,3,59.67
108,Barbara Smith,1,70.0,94,3,62.33
108,Barbara Smith,2,31.0,37,3,39.0
108,Barbara Smith,2,86.0,79,3,62.0
108,Barbara Smith,2,96.0,82,3,67.33
108,Barbara Smith,2,80.0,100,3,65.0
108,Barbara Smith,3,61.0,60,3,95.67
108,Barbara Smith,3,71.0,63,3,56.33
108,Barbara Smith,3,56.0,76,3,57.67
108,Barbara Smith,3,85.0,81,3,67.33
109,Seth Hamilton,1,90.0,61,3,84.67
109,Seth Hamilton,1,39.0,63,3,42.0
109,Seth Hamilton,1,82.0,67,3,81.67
109,Seth Hamilton,1,69.0,82,3,77.0
109,Seth Hamilton,1,62.0,92,3,80.67
109,Seth Hamilton,2,72.0,72,3,84.67
109,Seth Hamilton,2,64.0,85,3,64.0
109,Seth Hamilton,2,60.0,99,3,85.33
109,Seth Hamilton,3,67.0,60,3,61.33
109,Seth Hamilton,3,87.0,88,3,80.33
109,Seth Hamilton,3,69.0,100,3,77.67
110,Judy Gallagher,1,84.0,68,3,88.33
110,Judy Gallagher,1,84.0,83,6,78.0
110,Judy Gallagher,2,56.0,79,3,64.67
110,Judy Gallagher,2,71.0,93,6,72.5
110,Judy Gallagher,3,79.0,62,3,69.0
110,Judy Gallagher,3,92.0,64,3,69.0
110,Judy Gallagher,3,47.0,72,3,39.0
110,Judy Gallagher,3,71.0,73,3,70.67
111,Robert Lopez,1,63.0,66,3,68.67
111,Robert Lopez,1,93.0,70,3,80.33
111,Robert Lopez,1,68.0,89,3,79.0
111,Robert Lopez,1,78.0,97,3,81.0
111,Robert Lopez,2,93.0,61,3,78.0
111,Robert Lopez,2,70.0,68,3,74.67
111,Robert Lopez,2,93.0,76,3,76.67
111,Robert Lopez,2,61.0,77,3,58.33
111,Robert Lopez,2,79.0,86,3,74.67
111,Robert Lopez,3,42.0,32,3,37.67
111,Robert Lopez,3,100.0,70,3,97.33
111,Robert Lopez,3,95.0,87,3,64.0
111,Robert Lopez,3,81.0,92,3,68.33
112,Andrea Simmons,1,30.0,44,3,41.0
112,Andrea Simmons,1,90.0,66,3,88.0
112,Andrea Simmons,1,30.0,74,3,39.0
112,Andrea Simmons,1,57.0,76,3,65.67
112,Andrea Simmons,2,93.0,62,3,58.0
112,Andrea Simmons,2,68.0,73,3,79.0
112,Andrea Simmons,2,57.0,78,3,82.33
112,Andrea Simmons,2,79.0,100,3,70.0
112,Andrea Simmons,3,66.0,63,3,78.67
112,Andrea Simmons,3,99.0,69,3,87.0
112,Andrea Simmons,3,35.0,74,3,38.33
112,Andrea Simmons,3,72.0,91,3,87.67
113,Joel Hess,1,87.5,61,6,67.5
113,Joel Hess,1,79.0,74,3,70.67
113,Joel Hess,1,56.0,88,3,68.33
113,Joel Hess,2,44.0,61,3,41.67
113,Joel Hess,2,70.0,65,3,91.0
113,Joel Hess,2,56.0,73,3,73.67
113,Joel Hess,2,60.0,100,3,69.67
113,Joel Hess,3,80.0,60,3,76.33
113,Joel Hess,3,92.0,65,3,73.33
113,Joel Hess,3,94.0,75,3,79.0
113,Joel Hess,3,84.0,77,3,78.0
114,Anthony Kim,1,89.0,67,3,82.67
114,Anthony Kim,1,83.0,71,3,78.67
114,Anthony Kim,1,95.0,79,3,90.0
114,Anthony Kim,1,69.0,95,3,60.67
114,Anthony Kim,2,53.0,73,3,84.0
114,Anthony Kim,2,75.0,74,3,71.33
114,Anthony Kim,2,62.0,89,3,88.33
114,Anthony Kim,2,64.0,94,3,77.0
114,Anthony Kim,3,60.0,62,3,70.67
114,Anthony Kim,3,95.0,68,3,70.33
114,Anthony Kim,3,75.5,70,6,73.5
115,Travis Moore,1,40.0,44,3,42.67
115,Travis Moore,1,50.0,72,3,62.33
115,Travis Moore,1,51.0,74,3,70.67
115,Travis Moore,2,38.0,69,3,39.33
115,Travis Moore,2,87.0,86,3,71.0
115,Travis Moore,2,53.0,91,3,67.0
115,Travis Moore,2,94.0,97,3,65.67
115,Travis Moore,3,62.0,63,3,63.33
115,Travis Moore,3,46.0,73,3,39.33
115,Travis Moore,3,57.0,99,3,60.33
116,John Austin,1,95.0,68,3,83.0
116,John Austin,1,84.0,95,3,72.0
116,John Austin,2,100.0,62,3,71.33
116,John Austin,2,65.0,66,3,77.33
116,John Austin,2,91.0,71,3,77.33
116,John Austin,3,72.0,63,3,78.0
116,John Austin,3,87.0,76,3,68.33
116,John Austin,3,70.0,77,6,76.67
116,John Austin,3,81.0,86,3,86.67
117,Ruth Cortez,1,89.0,73,3,82.0
117,Ruth Cortez,1,79.0,86,3,68.67
117,Ruth Cortez,1,61.0,98,3,74.67
117,Ruth Cortez,2,80.0,67,3,71.0
117,Ruth Cortez,2,61.0,88,3,92.33
117,Ruth Cortez,2,69.0,96,3,77.67
117,Ruth Cortez,3,85.0,76,3,58.67
117,Ruth Cortez,3,98.0,83,3,78.0
117,Ruth Cortez,3,76.0,84,3,83.67
117,Ruth Cortez,3,65.0,90,3,59.67
118,Andrea Moore,1,31.0,55,3,34.67
118,Andrea Moore,1,45.0,62,3,45.0
118,Andrea Moore,1,51.0,66,3,80.33
118,Andrea Moore,1,63.0,69,3,86.0
118,Andrea Moore,2,46.0,32,3,37.0
118,Andrea Moore,2,53.0,69,3,64.33
118,Andrea Moore,2,54.0,72,3,92.67
118,Andrea Moore,2,60.0,99,3,75.33
118,Andrea Moore,3,42.0,62,3,36.67
118,Andrea Moore,3,87.0,64,3,77.0
118,Andrea Moore,3,100.0,100,3,78.33
119,Dr. Sarah Nguyen,1,41.0,30,3,33.67
119,Dr. Sarah Nguyen,1,53.0,84,3,67.0
119,Dr. Sarah Nguyen,1,95.0,97,3,73.33
119,Dr. Sarah Nguyen,2,91.0,60,3,70.67
119,Dr. Sarah Nguyen,2,51.0,77,3,79.33
119,Dr. Sarah Nguyen,2,64.0,94,3,72.33
119,Dr. Sarah Nguyen,2,83.0,98,3,81.0
119,Dr. Sarah Nguyen,2,69.0,100,3,65.67
119,Dr. Sarah Nguyen,3,65.0,71,3,65.67
119,Dr. Sarah Nguyen,3,58.0,74,3,89.0
120,Robert Lawrence,1,39.0,41,3,35.33
120,Robert Lawrence,1,76.0,86,3,57.67
120,Robert Lawrence,1,79.0,93,3,66.67
120,Robert Lawrence,1,81.0,94,3,78.0
120,Robert Lawrence,2,32.0,48,3,33.67
120,Robert Lawrence,2,74.0,98,3,64.33
120,Robert Lawrence,3,36.0,60,3,40.33
120,Robert Lawrence,3,59.0,63,3,68.33
120,Robert Lawrence,3,88.0,66,3,83.0
120,Robert Lawrence,3,38.0,72,3,39.0
121,Elizabeth Turner,1,92.0,87,3,74.67
121,Elizabeth Turner,1,90.0,95,3,90.67
121,Elizabeth Turner,2,30.0,40,3,36.33
121,Elizabeth Turner,2,75.0,66,3,75.67
121,Elizabeth Turner,2,97.0,70,3,62.33
121,Elizabeth Turner,2,78.0,85,3,72.33
121,Elizabeth Turner,3,70.0,62,3,77.33
121,Elizabeth Turner,3,95.0,70,3,61.33
121,Elizabeth Turner,3,65.0,73,3,65.0
121,Elizabeth Turner,3,38.0,74,3,43.33
121,Elizabeth Turner,3,99.0,96,3,71.67
122,Heather Watson,1,94.0,63,3,76.33
122,Heather Watson,1,76.0,67,3,80.0
122,Heather Watson,2,94.0,80,3,72.0
122,Heather Watson,2,100.0,87,3,67.33
122,Heather Watson,2,83.0,95,3,63.0
122,Heather Watson,2,59.0,96,3,78.0
122,Heather Watson,3,57.0,68,3,89.33
122,Heather Watson,3,66.0,72,3,77.0
122,Heather Watson,3,90.0,92,3,78.0
122,Heather Watson,3,82.0,98,3,89.0
123,Erica Dickerson,1,70.0,65,3,55.33
123,Erica Dickerson,1,58.0,78,3,76.0
123,Erica Dickerson,1,95.0,87,3,73.67
123,Erica Dickerson,1,93.0,99,3,57.0
123,Erica Dickerson,2,78.0,78,3,74.33
123,Erica Dickerson,2,57.0,92,3,88.67
123,Erica Dickerson,2,76.0,94,3,89.33
123,Erica Dickerson,2,79.0,98,3,66.67
123,Erica Dickerson,3,42.0,55,3,35.33
123,Erica Dickerson,3,55.0,62,3,75.0
123,Erica Dickerson,3,94.0,72,3,76.67
123,Erica Dickerson,3,97.0,79,3,78.67
124,Katherine Terry,1,78.5,67,6,78.0
124,Katherine Terry,1,48.0,75,3,37.67
124,Katherine Terry,1,59.0,76,3,64.67
124,Katherine Terry,2,55.0,72,3,93.33
124,Katherine Terry,2,67.0,73,3,77.33
124,Katherine Terry,2,54.0,76,3,64.67
124,Katherine Terry,2,64.0,81,3,82.0
124,Katherine Terry,2,63.0,92,3,81.0
124,Katherine Terry,3,60.0,66,3,67.0
124,Katherine Terry,3,100.0,77,3,64.33
124,Katherine Terry,3,58.0,79,3,74.67
124,Katherine Terry,3,98.0,94,3,70.0
125,Patrick Ortiz,1,46.0,60,3,38.67
125,Patrick Ortiz,1,80.0,89,3,68.67
125,Patrick Ortiz,1,93.0,95,3,71.0
125,Patrick Ortiz,2,81.0,60,3,84.33
125,Patrick Ortiz,2,85.0,71,3,84.67
125,Patrick Ortiz,2,67.0,79,3,80.0
125,Patrick Ortiz,3,38.0,38,3,42.33
125,Patrick Ortiz,3,65.0,89,3,62.33
125,Patrick Ortiz,3,61.0,97,3,68.33
126,Christopher Moon,1,39.0,30,3,40.0
126,Christopher Moon,1,51.0,60,3,73.33
126,Christopher Moon,2,36.0,30,3,38.67
126,Christopher Moon,2,87.0,65,3,74.0
126,Christopher Moon,2,95.0,89,3,61.33
126,Christopher Moon,2,73.0,96,3,64.33
126,Christopher Moon,3,57.0,69,3,82.33
126,Christopher Moon,3,70.0,83,3,81.67
126,Christopher Moon,3,77.0,88,3,94.67
127,Joseph Wong,1,60.0,69,3,86.67
127,Joseph Wong,1,53.0,85,3,55.0
127,Joseph Wong,1,73.0,89,3,76.0
127,Joseph Wong,1,77.0,98,3,70.67
127,Joseph Wong,2,79.0,61,3,76.0
127,Joseph Wong,2,61.0,73,3,89.0
127,Joseph Wong,2,55.0,85,3,92.67
127,Joseph Wong,2,75.0,94,3,84.33
127,Joseph Wong,3,42.0,74,3,39.67
127,Joseph Wong,3,92.0,77,3,57.67
127,Joseph Wong,3,55.0,88,3,71.0
128,Jessica Chang,1,40.0,34,3,46.67
128,Jessica Chang,1,37.0,46,3,43.33
128,Jessica Chang,1,64.0,69,3,78.67
128,Jessica Chang,1,69.0,77,3,68.0
128,Jessica Chang,1,75.0,89,3,74.33
128,Jessica Chang,2,82.0,62,3,69.0
128,Jessica Chang,2,89.0,64,3,67.33
128,Jessica Chang,2,90.0,67,3,79.33
128,Jessica Chang,2,93.0,78,3,87.0
128,Jessica Chang,3,61.0,87,3,82.33
128,Jessica Chang,3,50.0,94,3,64.67
128,Jessica Chang,3,92.0,97,3,77.33
129,Teresa Perry,1,38.5,55,6,41.0
129,Teresa Perry,1,79.0,66,3,87.33
129,Teresa Perry,1,82.0,91,3,66.0
129,Teresa Perry,1,52.0,93,3,62.67
129,Teresa Perry,2,88.0,64,3,72.67
129,Teresa Perry,2,73.0,80,3,72.33
129,Teresa Perry,2,66.0,89,3,73.67
129,Teresa Perry,3,60.0,82,3,76.67
129,Teresa Perry,3,96.0,88,3,89.33
129,Teresa Perry,3,54.0,97,3,63.0
130,James Ali,1,37.0,60,3,40.0
130,James Ali,1,63.0,81,3,64.0
130,James Ali,1,60.0,85,3,76.0
130,James Ali,1,95.0,88,3,79.0
130,James Ali,2,53.0,64,3,75.33
130,James Ali,2,85.0,80,3,66.67
130,James Ali,3,56.0,83,3,67.33
130,James Ali,3,68.0,95,3,68.0
130,James Ali,3,97.0,98,3,73.67
131,Sarah Thompson,1,52.0,62,3,81.0
131,Sarah Thompson,1,54.0,73,3,58.33
131,Sarah Thompson,1,56.0,81,3,81.33
131,Sarah Thompson,1,95.0,86,3,80.67
131,Sarah Thompson,2,69.0,74,3,83.33
131,Sarah Thompson,2,97.0,78,3,64.67
131,Sarah Thompson,3,91.0,78,3,82.33
131,Sarah Thompson,3,66.0,81,3,79.67
131,Sarah Thompson,3,80.0,92,3,91.67
132,Steve Henry,1,82.0,77,3,74.67
132,Steve Henry,1,52.0,87,3,71.0
132,Steve Henry,1,76.0,93,3,85.33
132,Steve Henry,1,72.0,95,3,85.33
132,Steve Henry,2,36.0,61,3,45.0
132,Steve Henry,2,90.0,73,3,74.33
132,Steve Henry,2,56.0,76,3,71.0
132,Steve Henry,3,74.0,62,3,70.0
132,Steve Henry,3,78.0,69,3,78.67
132,Steve Henry,3,56.0,77,3,85.67
132,Steve Henry,3,62.0,87,3,71.67
132,Steve Henry,3,68.0,93,3,77.0
133,Alex Delgado,1,33.0,50,3,36.67
133,Alex Delgado,1,87.0,61,3,69.33
133,Alex Delgado,2,70.0,67,3,66.33
133,Alex Delgado,2,95.0,74,3,74.0
133,Alex Delgado,2,94.0,84,3,63.0
133,Alex Delgado,2,89.0,94,3,78.67
133,Alex Delgado,3,91.0,62,3,61.33
133,Alex Delgado,3,65.0,85,3,78.67
133,Alex Delgado,3,85.0,87,3,73.0
133,Alex Delgado,3,66.0,90,3,66.0
134,David Pham,1,30.0,54,3,39.0
134,David Pham,1,97.5,83,6,73.0
134,David Pham,1,90.0,96,3,64.33
134,David Pham,2,35.0,73,3,38.67
134,David Pham,2,99.0,85,3,85.33
134,David Pham,2,86.0,90,3,95.0
134,David Pham,2,92.0,92,3,69.67
134,David Pham,3,49.0,46,3,35.0
134,David Pham,3,86.0,64,3,86.0
134,David Pham,3,38.0,67,3,41.67
134,David Pham,3,42.0,69,3,46.67
135,Dennis Davis,1,62.0,68,3,83.67
135,Dennis Davis,1,81.0,79,3,79.33
135,Dennis Davis,2,89.0,63,3,68.0
135,Dennis Davis,2,81.0,66,3,57.0
135,Dennis Davis,2,88.0,78,3,62.67
135,Dennis Davis,2,53.0,97,3,65.0
135,Dennis Davis,3,96.0,71,3,77.33
135,Dennis Davis,3,92.0,81,3,74.67
135,Dennis Davis,3,83.0,84,3,62.67
136,Angela Bowman,1,76.0,64,3,66.67
136,Angela Bowman,1,88.0,66,3,79.33
136,Angela Bowman,1,36.0,69,3,36.33
136,Angela Bowman,2,49.0,71,3,40.0
136,Angela Bowman,2,78.0,87,6,75.5
136,Angela Bowman,2,62.0,96,3,77.67
136,Angela Bowman,3,39.0,70,3,44.67
136,Angela Bowman,3,96.0,93,3,76.33
136,Angela Bowman,3,57.0,100,3,77.33
137,Tracy Harrison,1,71.0,60,3,75.67
137,Tracy Harrison,1,80.0,65,3,76.33
137,Tracy Harrison,1,86.0,70,3,80.33
137,Tracy Harrison,2,74.0,65,6,79.67
137,Tracy Harrison,2,91.0,70,3,79.33
137,Tracy Harrison,2,66.0,96,3,66.33
137,Tracy Harrison,3,81.5,61,6,75.0
137,Tracy Harrison,3,96.0,99,3,74.67
138,Danielle Woods,1,98.0,71,3,87.67
138,Danielle Woods,1,59.0,75,3,60.0
138,Danielle Woods,1,61.0,84,3,61.33
138,Danielle Woods,1,51.0,100,3,53.0
138,Danielle Woods,2,69.0,72,3,83.67
138,Danielle Woods,2,69.0,76,3,82.0
138,Danielle Woods,2,51.0,84,3,76.33
138,Danielle Woods,2,85.0,87,3,58.33
138,Danielle Woods,2,77.0,97,3,69.0
138,Danielle Woods,3,64.0,60,3,67.33
138,Danielle Woods,3,75.0,69,6,78.17
138,Danielle Woods,3,40.0,74,3,41.33
139,Lawrence Ross,1,45.0,35,3,32.67
139,Lawrence Ross,1,40.0,42,3,39.33
139,Lawrence Ross,1,76.0,69,3,80.0
139,Lawrence Ross,1,50.0,82,3,95.33
139,Lawrence Ross,1,64.0,91,3,81.33
139,Lawrence Ross,2,76.0,63,3,76.67
139,Lawrence Ross,2,90.0,68,3,64.33
139,Lawrence Ross,2,82.0,80,3,83.67
139,Lawrence Ross,3,61.0,81,3,67.33
139,Lawrence Ross,3,51.0,86,3,77.33
139,Lawrence Ross,3,86.0,97,3,69.33
140,Miranda Allen MD,1,50.0,61,3,81.67
140,Miranda Allen MD,1,83.0,62,3,86.0
140,Miranda Allen MD,1,97.0,71,3,75.0
140,Miranda Allen MD,1,96.0,78,3,83.67
140,Miranda Allen MD,2,33.0,61,3,44.67
140,Miranda Allen MD,2,66.0,67,3,70.0
140,Miranda Allen MD,2,60.0,90,3,76.33
140,Miranda Allen MD,3,74.0,78,3,72.67
140,Miranda Allen MD,3,64.0,80,3,66.0
140,Miranda Allen MD,3,92.0,95,3,73.33
141,Laura Gregory,1,31.0,56,3,35.67
141,Laura Gregory,1,88.5,63,6,76.17
141,Laura Gregory,2,60.0,62,3,79.67
141,Laura Gregory,2,57.0,81,3,58.67
141,Laura Gregory,3,44.0,71,3,36.33
141,Laura Gregory,3,76.0,82,3,70.0
141,Laura Gregory,3,56.0,84,3,74.67
141,Laura Gregory,3,98.0,99,3,70.33
142,Donna Gibbs,1,70.0,71,3,66.67
142,Donna Gibbs,1,73.0,86,3,82.33
142,Donna Gibbs,1,82.0,89,3,75.33
142,Donna Gibbs,2,69.0,62,3,74.67
142,Donna Gibbs,2,43.5,64,6,53.5
142,Donna Gibbs,3,34.0,59,3,45.33
142,Donna Gibbs,3,82.0,60,3,80.67
142,Donna Gibbs,3,99.0,71,3,63.0
142,Donna Gibbs,3,83.0,81,3,71.0
143,Christopher Morgan,1,46.0,52,3,35.67
143,Christopher Morgan,1,54.0,70,3,78.33
143,Christopher Morgan,1,80.0,71,3,77.67
143,Christopher Morgan,1,74.0,91,3,58.0
143,Christopher Morgan,2,84.0,63,3,82.33
143,Christopher Morgan,2,50.0,92,3,69.33
143,Christopher Morgan,2,81.0,94,3,68.33
143,Christopher Morgan,2,67.0,98,3,91.67
143,Christopher Morgan,3,30.0,43,3,41.33
143,Christopher Morgan,3,58.0,64,3,74.33
143,Christopher Morgan,3,40.0,70,3,43.0
144,Victoria Griffin,1,85.0,64,3,61.0
144,Victoria Griffin,1,64.0,66,3,73.33
144,Victoria Griffin,1,66.0,93,3,74.67
144,Victoria Griffin,1,68.0,96,3,71.33
144,Victoria Griffin,2,55.0,60,3,73.0
144,Victoria Griffin,2,80.0,68,3,92.0
144,Victoria Griffin,2,66.0,73,3,66.0
144,Victoria Griffin,2,78.0,94,3,73.67
144,Victoria Griffin,3,73.0,73,3,74.67
144,Victoria Griffin,3,100.0,76,3,71.0
144,Victoria Griffin,3,87.0,85,3,91.0
144,Victoria Griffin,3,71.0,94,3,70.67
145,Linda Higgins,1,48.0,30,3,43.0
145,Linda Higgins,1,98.0,84,3,57.67
145,Linda Higgins,1,87.0,99,3,74.67
145,Linda Higgins,2,96.0,66,3,81.0
145,Linda Higgins,2,62.0,88,3,92.33
145,Linda Higgins,2,91.0,99,3,88.67
145,Linda Higgins,3,36.0,53,3,45.33
145,Linda Higgins,3,78.0,71,3,71.33
145,Linda Higgins,3,68.0,92,3,95.67
146,Richard Robinson,1,47.0,42,3,41.0
146,Richard Robinson,1,69.0,68,3,69.0
146,Richard Robinson,1,97.0,70,3,68.33
146,Richard Robinson,1,95.0,94,3,68.67
146,Richard Robinson,2,92.0,70,3,67.33
146,Richard Robinson,2,54.0,71,3,81.67
146,Richard Robinson,2,98.0,74,3,63.67
146,Richard Robinson,2,69.0,75,3,80.33
146,Richard Robinson,3,57.5,72,6,62.0
146,Richard Robinson,3,91.0,87,3,82.0
146,Richard Robinson,3,74.0,89,3,74.67
147,Heather Rogers,1,31.0,69,3,42.0
147,Heather Rogers,1,55.0,89,3,79.67
147,Heather Rogers,1,52.0,97,3,68.33
147,Heather Rogers,2,82.0,68,3,68.67
147,Heather Rogers,2,80.0,97,3,87.67
147,Heather Rogers,2,50.0,100,3,94.0
147,Heather Rogers,3,78.0,66,3,73.33
147,Heather Rogers,3,87.0,84,3,74.0
148,Sarah Diaz,1,75.0,62,3,69.67
148,Sarah Diaz,1,90.0,88,3,69.33
148,Sarah Diaz,1,88.0,91,3,82.0
148,Sarah Diaz,1,68.0,100,3,76.0
148,Sarah Diaz,2,95.0,60,3,85.33
148,Sarah Diaz,2,92.0,65,3,85.0
148,Sarah Diaz,2,63.0,84,3,80.0
148,Sarah Diaz,2,98.0,100,3,75.33
148,Sarah Diaz,3,33.0,30,3,34.67
148,Sarah Diaz,3,50.0,99,3,78.33
149,Roy James,1,89.0,68,3,63.33
149,Roy James,1,81.0,87,3,77.67
149,Roy James,1,71.0,90,3,76.67
149,Roy James,2,96.0,69,3,62.0
149,Roy James,2,84.0,98,3,72.33
149,Roy James,2,94.0,99,3,75.33
149,Roy James,3,86.0,73,3,78.67
149,Roy James,3,85.0,80,3,63.67
149,Roy James,3,69.0,92,3,77.0
150,Benjamin Saunders,1,35.0,50,3,38.0
150,Benjamin Saunders,1,76.0,65,3,82.33
150,Benjamin Saunders,1,67.0,81,3,82.67
150,Benjamin Saunders,1,93.0,99,3,70.33
150,Benjamin Saunders,2,49.0,41,3,41.67
150,Benjamin Saunders,2,55.0,75,6,51.5
150,Benjamin Saunders,2,64.0,81,3,68.67
150,Benjamin Saunders,3,48.0,71,3,43.33
150,Benjamin Saunders,3,76.0,75,3,57.0
150,Benjamin Saunders,3,60.0,83,3,76.33
150,Benjamin Saunders,3,58.0,97,3,81.67
151,Joseph Hensley,1,69.0,78,6,69.33
151,Joseph Hensley,2,49.0,33,3,36.33
151,Joseph Hensley,2,74.0,88,3,67.0
151,Joseph Hensley,2,62.0,90,3,76.33
151,Joseph Hensley,2,84.0,98,3,76.33
151,Joseph Hensley,2,75.0,99,3,79.33
151,Joseph Hensley,3,68.0,76,3,71.33
151,Joseph Hensley,3,89.0,87,3,72.67
151,Joseph Hensley,3,57.0,91,3,85.33
152,Alexandra Hayes,1,91.0,61,3,73.33
152,Alexandra Hayes,1,88.0,63,3,63.67
152,Alexandra Hayes,1,37.0,66,3,36.67
152,Alexandra Hayes,1,62.0,91,3,78.33
152,Alexandra Hayes,2,52.0,60,3,84.67
152,Alexandra Hayes,2,99.0,62,3,78.33
152,Alexandra Hayes,2,76.0,65,3,69.67
152,Alexandra Hayes,2,65.0,93,3,77.67
152,Alexandra Hayes,3,43.0,43,3,40.67
152,Alexandra Hayes,3,78.0,70,3,70.67
152,Alexandra Hayes,3,82.0,75,3,81.33
152,Alexandra Hayes,3,67.0,82,3,68.33
153,Martha Reed,1,34.0,35,3,41.67
153,Martha Reed,1,75.0,80,3,81.33
153,Martha Reed,1,75.0,82,3,71.67
153,Martha Reed,2,38.0,50,3,42.67
153,Martha Reed,2,98.0,62,3,70.0
153,Martha Reed,2,78.0,68,3,62.67
153,Martha Reed,2,92.0,70,3,75.67
153,Martha Reed,2,89.0,82,3,75.67
153,Martha Reed,3,40.0,36,3,39.33
153,Martha Reed,3,38.0,54,3,32.67
153,Martha Reed,3,87.0,78,3,84.67
154,Patrick Johnson,1,76.0,64,3,80.67
154,Patrick Johnson,1,80.5,82,6,74.0
154,Patrick Johnson,1,67.0,97,3,86.67
154,Patrick Johnson,2,71.0,66,3,85.67
154,Patrick Johnson,2,56.0,70,3,70.33
154,Patrick Johnson,2,86.0,73,3,60.33
154,Patrick Johnson,3,47.0,40,3,37.0
154,Patrick Johnson,3,57.0,81,3,88.33
154,Patrick Johnson,3,85.0,87,3,74.33
155,Monica Turner,1,31.0,45,3,39.67
155,Monica Turner,1,87.0,69,6,75.17
155,Monica Turner,1,84.0,80,3,74.67
155,Monica Turner,2,35.0,46,3,36.33
155,Monica Turner,2,51.0,62,3,80.33
155,Monica Turner,2,51.0,76,3,71.33
155,Monica Turner,3,42.0,53,3,42.0
155,Monica Turner,3,77.0,69,3,60.67
155,Monica Turner,3,41.0,75,3,33.0
155,Monica Turner,3,70.0,82,3,82.33
155,Monica Turner,3,90.0,90,3,82.67
156,Matthew Ford,1,40.0,42,3,34.33
156,Matthew Ford,1,97.0,66,3,69.33
156,Matthew Ford,1,85.0,71,3,70.67
156,Matthew Ford,1,61.0,75,3,61.67
156,Matthew Ford,2,49.0,32,3,41.33
156,Matthew Ford,2,98.0,69,3,78.33
156,Matthew Ford,3,30.0,37,3,43.67
156,Matthew Ford,3,49.0,55,3,35.67
156,Matthew Ford,3,75.0,76,3,72.33
157,Peter Jones,1,66.0,60,3,80.0
157,Peter Jones,1,53.0,63,3,79.33
157,Peter Jones,1,63.0,72,3,78.67
157,Peter Jones,2,31.0,41,3,36.33
157,Peter Jones,2,48.0,61,3,44.0
157,Peter Jones,3,46.0,55,3,36.67
157,Peter Jones,3,55.0,71,3,76.0
157,Peter Jones,3,78.0,73,3,77.67
157,Peter Jones,3,99.0,92,3,85.67
158,Joseph Trujillo,1,89.0,67,3,74.0
158,Joseph Trujillo,1,78.0,85,3,76.0
158,Joseph Trujillo,1,89.0,95,3,69.0
158,Joseph Trujillo,2,33.0,39,3,41.67
158,Joseph Trujillo,2,88.0,70,3,70.67
158,Joseph Trujillo,2,80.0,75,3,67.33
158,Joseph Trujillo,3,95.0,76,3,84.67
158,Joseph Trujillo,3,74.0,81,3,84.67
158,Joseph Trujillo,3,67.0,87,3,82.33
159,Melissa Black,1,73.0,70,3,71.33
159,Melissa Black,1,51.0,92,3,59.67
159,Melissa Black,2,64.0,68,3,72.0
159,Melissa Black,2,76.0,72,3,64.33
159,Melissa Black,2,64.0,79,3,70.33
159,Melissa Black,3,90.0,66,3,86.33
159,Melissa Black,3,76.0,69,3,76.0
159,Melissa Black,3,56.0,93,3,67.0
159,Melissa Black,3,68.0,94,3,67.0
160,Christopher Cole,1,31.0,37,3,40.0
160,Christopher Cole,1,40.0,57,3,35.33
160,Christopher Cole,1,30.0,74,3,36.67
160,Christopher Cole,1,55.0,87,3,73.67
160,Christopher Cole,2,35.0,35,3,42.67
160,Christopher Cole,2,55.0,63,3,80.0
160,Christopher Cole,2,90.0,69,3,76.0
160,Christopher Cole,2,55.0,88,3,78.67
160,Christopher Cole,3,54.0,62,3,80.0
160,Christopher Cole,3,56.0,68,3,71.67
160,Christopher Cole,3,67.0,74,3,71.0
160,Christopher Cole,3,96.0,94,3,64.33
161,Robert Adams MD,1,59.0,60,3,87.0
161,Robert Adams MD,1,83.0,61,3,56.67
161,Robert Adams MD,1,62.0,79,3,75.0
161,Robert Adams MD,1,81.0,92,3,65.0
161,Robert Adams MD,2,95.0,65,3,68.33
161,Robert Adams MD,2,46.0,67,3,38.0
161,Robert Adams MD,2,61.0,69,3,85.67
161,Robert Adams MD,2,76.0,76,3,86.33
161,Robert Adams MD,2,100.0,92,3,68.33
161,Robert Adams MD,3,35.0,56,3,35.33
161,Robert Adams MD,3,55.0,71,3,77.0
161,Robert Adams MD,3,86.0,76,3,63.33
161,Robert Adams MD,3,85.0,97,3,62.67
162,Lisa Simpson,1,81.0,68,3,85.33
162,Lisa Simpson,1,91.0,74,3,73.0
162,Lisa Simpson,2,63.0,61,3,77.0
162,Lisa Simpson,2,54.0,64,3,86.67
162,Lisa Simpson,2,76.0,82,3,87.67
162,Lisa Simpson,3,64.0,81,6,64.5
162,Lisa Simpson,3,74.0,83,3,88.33
163,Brandon Allison,1,92.0,94,3,75.33
163,Brandon Allison,1,73.0,98,6,72.0
163,Brandon Allison,2,40.0,56,3,37.33
163,Brandon Allison,2,32.0,62,3,32.33
163,Brandon Allison,2,35.0,66,3,34.0
163,Brandon Allison,2,55.0,67,3,93.33
163,Brandon Allison,2,82.0,87,3,86.33
163,Brandon Allison,3,34.0,71,3,40.33
163,Brandon Allison,3,73.0,81,3,73.67
163,Brandon Allison,3,59.0,86,3,66.67
163,Brandon Allison,3,58.0,95,3,74.33
163,Brandon Allison,3,54.0,99,3,82.0
164,Ashley Arnold,1,95.0,74,3,72.0
164,Ashley Arnold,1,98.0,75,3,69.67
164,Ashley Arnold,1,64.0,81,3,90.0
164,Ashley Arnold,1,67.0,85,3,75.33
164,Ashley Arnold,2,42.0,38,3,40.0
164,Ashley Arnold,2,57.0,89,3,83.0
164,Ashley Arnold,3,51.0,83,3,61.67
164,Ashley Arnold,3,88.0,85,3,74.33
165,Paul Thomas,1,67.0,67,3,70.33
165,Paul Thomas,1,82.0,71,3,72.67
165,Paul Thomas,1,50.0,76,3,61.33
165,Paul Thomas,1,70.0,79,3,84.33
165,Paul Thomas,2,63.0,79,3,93.33
165,Paul Thomas,2,67.0,84,3,85.0
165,Paul Thomas,2,93.0,89,3,83.0
165,Paul Thomas,2,95.0,99,3,66.0
165,Paul Thomas,3,77.0,71,3,63.67
165,Paul Thomas,3,99.0,84,3,70.33
165,Paul Thomas,3,93.0,87,3,68.0
165,Paul Thomas,3,55.0,93,3,94.0
165,Paul Thomas,3,90.0,96,3,63.67
166,Christopher Berry,1,40.0,32,3,40.67
166,Christopher Berry,1,83.0,88,3,77.0
166,Christopher Berry,1,97.0,92,3,66.0
166,Christopher Berry,2,47.0,45,3,43.0
166,Christopher Berry,2,72.0,63,3,68.67
166,Christopher Berry,3,87.0,71,3,81.33
166,Christopher Berry,3,83.5,77,6,86.5
166,Christopher Berry,3,54.0,97,3,93.33
167,Kathryn Allison,1,95.0,65,3,66.0
167,Kathryn Allison,1,82.0,88,3,87.67
167,Kathryn Allison,1,80.0,92,3,83.67
167,Kathryn Allison,2,45.0,33,3,43.0
167,Kathryn Allison,2,52.0,98,3,70.33
167,Kathryn Allison,2,53.0,100,3,81.33
167,Kathryn Allison,3,93.0,61,3,78.67
167,Kathryn Allison,3,97.0,81,3,78.33
167,Kathryn Allison,3,82.0,84,3,75.33
168,Veronica Johnson,1,33.0,32,3,39.67
168,Veronica Johnson,1,43.0,39,3,41.0
168,Veronica Johnson,1,81.0,93,3,80.0
168,Veronica Johnson,2,71.0,80,6,76.17
168,Veronica Johnson,2,64.0,82,3,74.33
168,Veronica Johnson,2,96.0,95,3,72.33
168,Veronica Johnson,3,46.0,42,3,37.67
168,Veronica Johnson,3,46.0,53,3,34.0
168,Veronica Johnson,3,70.0,78,3,71.67
168,Veronica Johnson,3,73.0,79,3,86.67
168,Veronica Johnson,3,63.0,84,3,82.0
169,Douglas Weber,1,96.0,81,3,89.33
169,Douglas Weber,1,92.0,83,3,65.67
169,Douglas Weber,1,59.0,89,3,77.0
169,Douglas Weber,1,50.0,90,3,67.67
169,Douglas Weber,2,67.0,61,3,68.0
169,Douglas Weber,2,65.0,63,3,61.67
169,Douglas Weber,2,52.0,83,3,62.67
169,Douglas Weber,2,76.0,95,3,66.67
169,Douglas Weber,3,84.0,76,3,83.33
169,Douglas Weber,3,56.0,93,3,70.0
169,Douglas Weber,3,59.0,94,3,70.0
170,Adriana Klein,1,81.0,68,3,59.33
170,Adriana Klein,1,62.0,79,3,75.33
170,Adriana Klein,1,99.0,88,3,70.33
170,Adriana Klein,1,54.0,89,3,94.0
170,Adriana Klein,2,30.0,34,3,40.67
170,Adriana Klein,2,80.0,66,3,74.67
170,Adriana Klein,2,100.0,81,3,62.0
170,Adriana Klein,2,62.0,93,3,70.33
170,Adriana Klein,3,43.0,59,3,37.67
170,Adriana Klein,3,61.0,62,3,89.33
171,Wanda Roberts,1,44.0,52,3,41.33
171,Wanda Roberts,1,64.0,61,3,63.0
171,Wanda Roberts,1,97.0,67,3,58.33
171,Wanda Roberts,1,96.0,87,3,77.67
171,Wanda Roberts,1,79.0,100,3,78.67
171,Wanda Roberts,2,54.0,63,3,75.67
171,Wanda Roberts,2,77.0,65,3,65.67
171,Wanda Roberts,2,73.0,72,3,78.33
171,Wanda Roberts,2,94.0,99,3,75.33
171,Wanda Roberts,3,62.0,61,3,79.67
171,Wanda Roberts,3,97.0,67,3,77.0
171,Wanda Roberts,3,65.0,99,3,73.0
172,Jerry Vaughn,1,32.0,62,3,33.0
172,Jerry Vaughn,1,58.0,66,3,75.33
172,Jerry Vaughn,1,66.0,75,3,69.67
172,Jerry Vaughn,2,73.0,65,3,71.67
172,Jerry Vaughn,2,96.0,78,3,86.33
172,Jerry Vaughn,2,94.0,88,3,67.67
172,Jerry Vaughn,3,65.0,74,3,64.67
172,Jerry Vaughn,3,59.0,77,3,58.0
172,Jerry Vaughn,3,63.0,81,3,59.33
172,Jerry Vaughn,3,72.0,88,3,52.33
173,Brandon Perez,1,80.0,64,3,83.67
173,Brandon Perez,1,88.0,71,3,63.67
173,Brandon Perez,1,82.0,73,3,73.33
173,Brandon Perez,1,93.0,86,3,81.67
173,Brandon Perez,2,36.0,47,3,41.67
173,Brandon Perez,2,60.0,94,3,79.0
173,Brandon Perez,3,48.0,61,3,40.0
173,Brandon Perez,3,43.0,72,3,43.67
173,Brandon Perez,3,96.0,96,3,79.33
173,Brandon Perez,3,69.0,99,3,75.67
174,Matthew Black,1,33.0,45,3,37.0
174,Matthew Black,1,37.0,60,3,41.33
174,Matthew Black,1,51.0,86,3,67.0
174,Matthew Black,2,78.0,80,3,59.0
174,Matthew Black,2,52.0,85,3,65.0
174,Matthew Black,2,78.0,86,3,94.67
174,Matthew Black,2,66.0,90,3,79.33
174,Matthew Black,3,39.0,34,3,36.33
174,Matthew Black,3,44.0,52,3,42.0
174,Matthew Black,3,85.0,78,3,78.67
174,Matthew Black,3,91.0,92,3,74.67
175,Anita Rivas,1,99.0,65,3,72.67
175,Anita Rivas,1,65.0,72,3,70.33
175,Anita Rivas,1,86.0,90,3,79.67
175,Anita Rivas,1,100.0,98,3,72.33
175,Anita Rivas,2,41.0,49,3,42.33
175,Anita Rivas,2,43.0,53,3,36.0
175,Anita Rivas,2,52.0,83,3,74.33
175,Anita Rivas,3,91.0,64,3,67.67
175,Anita Rivas,3,53.0,83,3,71.67
175,Anita Rivas,3,58.0,84,3,86.0
175,Anita Rivas,3,52.0,86,3,70.0
175,Anita Rivas,3,72.0,100,3,71.33
176,Suzanne Thomas,1,68.0,72,3,69.33
176,Suzanne Thomas,1,94.0,74,3,71.33
176,Suzanne Thomas,1,87.0,90,3,65.33
176,Suzanne Thomas,2,94.0,73,3,73.67
176,Suzanne Thomas,2,88.0,85,3,67.0
176,Suzanne Thomas,2,60.0,92,3,65.0
176,Suzanne Thomas,3,98.0,77,3,78.67
176,Suzanne Thomas,3,80.0,93,3,79.33
177,Brian Chambers,1,89.0,77,3,82.33
177,Brian Chambers,1,99.0,87,3,80.0
177,Brian Chambers,1,65.0,93,3,75.0
177,Brian Chambers,2,76.0,68,3,62.67
177,Brian Chambers,2,59.0,94,3,85.67
177,Brian Chambers,2,83.0,98,3,80.67
177,Brian Chambers,3,33.0,49,3,44.0
177,Brian Chambers,3,70.0,70,3,80.0
177,Brian Chambers,3,79.0,97,3,97.33
178,Tanya Garza,1,96.0,68,3,62.0
178,Tanya Garza,1,84.0,72,3,81.0
178,Tanya Garza,1,80.0,76,3,85.33
178,Tanya Garza,1,58.0,87,3,77.67
178,Tanya Garza,2,69.0,61,3,86.67
178,Tanya Garza,2,80.0,63,3,83.0
178,Tanya Garza,2,95.0,78,3,78.67
178,Tanya Garza,2,69.0,86,3,75.0
178,Tanya Garza,2,99.0,98,3,80.0
178,Tanya Garza,3,39.0,40,3,41.67
178,Tanya Garza,3,56.0,65,3,76.67
179,Lisa Carlson,1,35.0,45,3,37.33
179,Lisa Carlson,1,56.0,72,3,68.0
179,Lisa Carlson,1,56.0,92,3,86.67
179,Lisa Carlson,2,99.0,67,3,69.67
179,Lisa Carlson,2,83.0,76,3,82.33
179,Lisa Carlson,2,55.0,78,3,69.0
179,Lisa Carlson,2,100.0,84,3,82.33
179,Lisa Carlson,3,41.0,55,3,37.0
179,Lisa Carlson,3,92.0,72,3,78.33
179,Lisa Carlson,3,52.0,73,3,80.0
179,Lisa Carlson,3,70.0,80,3,75.33
179,Lisa Carlson,3,100.0,86,3,78.0
180,Diane Petty,1,75.0,61,3,61.33
180,Diane Petty,1,77.0,67,3,74.0
180,Diane Petty,1,93.0,74,3,85.0
180,Diane Petty,1,82.0,78,3,63.0
180,Diane Petty,2,96.0,72,3,92.33
180,Diane Petty,2,85.0,80,3,80.67
180,Diane Petty,2,76.0,94,3,82.33
180,Diane Petty,3,51.0,68,3,82.33
180,Diane Petty,3,77.0,78,3,67.33
180,Diane Petty,3,56.0,90,3,70.67
181,Larry Kim,1,49.0,48,3,37.67
181,Larry Kim,1,87.0,61,3,70.67
181,Larry Kim,1,95.0,89,3,75.33
181,Larry Kim,1,66.5,95,6,78.67
181,Larry Kim,2,57.0,71,3,67.33
181,Larry Kim,2,50.0,72,3,55.33
181,Larry Kim,2,96.0,74,3,71.0
181,Larry Kim,2,79.0,76,3,83.33
181,Larry Kim,2,54.0,83,3,64.33
181,Larry Kim,3,93.0,67,3,73.33
181,Larry Kim,3,60.0,81,3,74.0
181,Larry Kim,3,96.0,84,3,62.0
181,Larry Kim,3,81.0,90,3,77.67
182,Dr. Gerald Hampton,1,96.0,60,3,78.33
182,Dr. Gerald Hampton,1,51.0,85,3,65.0
182,Dr. Gerald Hampton,1,55.0,93,3,69.33
182,Dr. Gerald Hampton,1,99.0,94,3,78.33
182,Dr. Gerald Hampton,2,39.0,57,3,37.33
182,Dr. Gerald Hampton,2,44.0,60,3,42.67
182,Dr. Gerald Hampton,2,56.0,64,3,64.67
182,Dr. Gerald Hampton,2,41.0,73,3,42.67
182,Dr. Gerald Hampton,2,87.0,89,3,70.33
182,Dr. Gerald Hampton,3,49.0,38,3,35.67
182,Dr. Gerald Hampton,3,52.0,60,3,70.0
182,Dr. Gerald Hampton,3,72.0,69,3,72.67
183,Matthew Price,1,87.0,60,3,66.67
183,Matthew Price,1,57.0,85,3,90.33
183,Matthew Price,1,67.0,94,3,61.33
183,Matthew Price,1,54.0,97,3,76.67
183,Matthew Price,2,76.0,64,3,88.67
183,Matthew Price,2,64.0,65,3,83.67
183,Matthew Price,2,98.0,87,3,86.67
183,Matthew Price,2,59.0,96,3,62.67
183,Matthew Price,3,52.0,72,3,78.67
183,Matthew Price,3,79.0,75,3,61.0
183,Matthew Price,3,62.0,80,3,72.33
184,Connie Murray,1,31.0,50,3,34.0
184,Connie Murray,1,78.0,66,3,63.0
184,Connie Murray,1,71.0,71,3,76.33
184,Connie Murray,2,59.0,64,3,84.0
184,Connie Murray,2,53.0,84,3,90.0
184,Connie Murray,2,67.0,91,3,69.0
184,Connie Murray,3,98.0,61,3,85.0
184,Connie Murray,3,99.0,67,3,68.33
184,Connie Murray,3,66.0,70,3,72.0
184,Connie Murray,3,82.0,100,3,78.0
185,Katrina Mccoy,1,88.0,61,3,79.33
185,Katrina Mccoy,1,98.5,74,6,77.67
185,Katrina Mccoy,1,82.0,78,3,75.67
185,Katrina Mccoy,1,78.0,95,3,65.0
185,Katrina Mccoy,2,59.0,66,6,73.0
185,Katrina Mccoy,2,99.0,72,3,75.33
185,Katrina Mccoy,2,76.0,93,3,91.0
185,Katrina Mccoy,3,66.0,66,3,78.67
185,Katrina Mccoy,3,87.0,73,3,89.0
185,Katrina Mccoy,3,72.0,82,3,67.0
186,Melissa Church,1,41.0,54,3,40.0
186,Melissa Church,1,88.0,78,3,86.33
186,Melissa Church,1,78.0,83,3,63.0
186,Melissa Church,2,89.0,66,3,83.67
186,Melissa Church,2,52.0,72,3,77.33
186,Melissa Church,2,75.0,73,3,75.0
186,Melissa Church,2,86.0,74,3,82.67
186,Melissa Church,3,39.0,48,3,41.67
186,Melissa Church,3,95.0,60,3,82.67
186,Melissa Church,3,69.0,76,3,74.33
186,Melissa Church,3,86.0,77,3,80.0
187,Jeremy Mason,1,37.0,49,3,32.67
187,Jeremy Mason,1,78.0,61,3,73.0
187,Jeremy Mason,1,96.0,87,3,65.33
187,Jeremy Mason,1,57.0,96,3,68.33
187,Jeremy Mason,2,73.5,78,6,73.17
187,Jeremy Mason,2,88.0,82,3,61.33
187,Jeremy Mason,3,60.0,72,6,76.5
187,Jeremy Mason,3,51.0,80,3,83.33
187,Jeremy Mason,3,74.0,89,3,68.33
187,Jeremy Mason,3,65.0,98,3,76.33
188,Karen Mendoza,1,41.0,39,3,33.0
188,Karen Mendoza,1,54.0,73,3,77.0
188,Karen Mendoza,1,72.0,74,3,78.67
188,Karen Mendoza,1,93.0,86,3,90.0
188,Karen Mendoza,1,80.0,96,3,55.0
188,Karen Mendoza,2,66.0,74,6,56.67
188,Karen Mendoza,2,94.0,79,3,70.33
188,Karen Mendoza,2,95.0,83,3,65.33
188,Karen Mendoza,2,55.0,93,3,74.0
188,Karen Mendoza,3,85.0,86,3,68.67
188,Karen Mendoza,3,96.0,87,3,90.0
188,Karen Mendoza,3,53.0,96,6,71.0
189,Ashley Brown,1,74.0,65,3,93.0
189,Ashley Brown,1,86.0,92,3,77.67
189,Ashley Brown,1,74.0,98,3,80.67
189,Ashley Brown,2,95.0,70,3,63.0
189,Ashley Brown,2,60.0,77,3,88.67
189,Ashley Brown,2,90.0,89,3,76.67
189,Ashley Brown,3,34.0,44,3,38.0
189,Ashley Brown,3,90.0,88,3,80.0
189,Ashley Brown,3,64.0,96,3,88.0
190,Joseph Johnson Jr.,1,47.0,49,3,39.33
190,Joseph Johnson Jr.,1,99.0,71,3,85.33
190,Joseph Johnson Jr.,1,87.0,79,3,82.67
190,Joseph Johnson Jr.,2,30.0,61,3,44.67
190,Joseph Johnson Jr.,2,81.0,62,3,77.0
190,Joseph Johnson Jr.,2,60.0,93,3,83.33
190,Joseph Johnson Jr.,2,81.0,100,3,67.67
190,Joseph Johnson Jr.,3,49.0,38,3,39.67
190,Joseph Johnson Jr.,3,73.0,82,3,68.33
191,Karen Ward,1,32.0,31,3,38.0
191,Karen Ward,1,44.0,46,3,40.33
191,Karen Ward,1,62.0,70,3,87.0
191,Karen Ward,1,57.0,73,3,83.33
191,Karen Ward,2,91.0,93,3,79.33
191,Karen Ward,2,51.0,100,3,76.67
191,Karen Ward,3,89.0,60,3,66.33
191,Karen Ward,3,84.0,67,3,81.67
191,Karen Ward,3,92.0,69,3,79.0
192,Daniel Edwards,1,71.0,68,3,76.33
192,Daniel Edwards,1,84.0,69,3,74.33
192,Daniel Edwards,1,81.0,84,3,71.0
192,Daniel Edwards,1,56.0,93,3,93.67
192,Daniel Edwards,2,76.0,75,3,66.33
192,Daniel Edwards,2,65.0,76,3,82.67
192,Daniel Edwards,2,82.0,85,3,68.0
192,Daniel Edwards,2,72.0,100,3,77.0
192,Daniel Edwards,3,94.0,61,3,72.0
192,Daniel Edwards,3,61.0,74,3,60.0
192,Daniel Edwards,3,97.0,77,3,68.0
192,Daniel Edwards,3,66.0,82,3,64.67
193,William Wilkinson,1,52.0,60,3,65.67
193,William Wilkinson,1,64.0,68,3,67.0
193,William Wilkinson,1,93.0,81,3,69.0
193,William Wilkinson,1,64.0,97,3,85.0
193,William Wilkinson,2,44.0,67,3,41.33
193,William Wilkinson,2,61.0,71,3,86.67
193,William Wilkinson,2,93.0,96,3,63.67
193,William Wilkinson,3,52.0,74,3,77.33
193,William Wilkinson,3,60.0,78,3,94.0
193,William Wilkinson,3,77.0,80,3,72.67
194,Lisa Nguyen,1,97.0,65,3,65.0
194,Lisa Nguyen,1,61.0,83,3,69.67
194,Lisa Nguyen,1,77.0,84,3,79.67
194,Lisa Nguyen,1,68.0,87,3,62.33
194,Lisa Nguyen,1,65.0,89,3,65.67
194,Lisa Nguyen,2,42.0,63,3,38.0
194,Lisa Nguyen,2,51.0,66,3,60.0
194,Lisa Nguyen,2,63.0,91,3,59.33
194,Lisa Nguyen,2,98.0,99,3,88.0
194,Lisa Nguyen,3,38.0,47,3,39.33
194,Lisa Nguyen,3,64.0,61,3,69.0
194,Lisa Nguyen,3,95.0,95,3,72.0
195,Anne Warren,1,37.0,50,3,41.33
195,Anne Warren,1,58.0,73,3,61.67
195,Anne Warren,1,72.5,78,6,72.67
195,Anne Warren,1,91.0,98,3,76.33
195,Anne Warren,2,87.0,69,3,72.67
195,Anne Warren,2,81.0,81,3,76.0
195,Anne Warren,2,61.0,96,3,85.0
195,Anne Warren,3,96.0,72,3,76.67
195,Anne Warren,3,77.0,86,3,87.0
195,Anne Warren,3,84.0,87,3,75.67
196,Joyce Smith,1,41.0,49,3,35.0
196,Joyce Smith,1,96.0,72,3,81.0
196,Joyce Smith,1,38.0,73,3,37.0
196,Joyce Smith,1,79.0,85,3,69.0
196,Joyce Smith,2,58.0,62,3,83.33
196,Joyce Smith,2,68.0,68,3,79.67
196,Joyce Smith,2,77.0,85,3,69.33
196,Joyce Smith,2,85.0,87,3,76.0
196,Joyce Smith,3,63.0,70,3,85.0
196,Joyce Smith,3,97.0,84,3,67.67
196,Joyce Smith,3,61.0,86,3,63.67
196,Joyce Smith,3,99.0,89,3,74.33
197,Tamara Lee,1,91.0,71,3,81.67
197,Tamara Lee,1,54.0,72,3,71.0
197,Tamara Lee,1,50.0,90,3,88.0
197,Tamara Lee,2,53.0,88,3,69.33
197,Tamara Lee,2,71.0,97,3,60.33
197,Tamara Lee,2,68.0,99,3,69.33
197,Tamara Lee,3,80.0,69,3,62.67
197,Tamara Lee,3,82.0,76,3,70.67
197,Tamara Lee,3,92.0,78,3,63.33
197,Tamara Lee,3,52.0,88,3,87.33
198,Jill Wade,1,59.0,73,3,75.67
198,Jill Wade,1,63.0,74,3,64.33
198,Jill Wade,1,77.0,77,3,65.33
198,Jill Wade,2,98.0,75,3,69.67
198,Jill Wade,2,95.0,82,3,59.0
198,Jill Wade,3,30.0,63,3,44.33
198,Jill Wade,3,61.0,69,3,88.0
198,Jill Wade,3,75.0,77,3,85.33
199,Christopher Myers,1,33.0,52,3,43.0
199,Christopher Myers,1,41.0,68,3,42.0
199,Christopher Myers,1,69.0,87,3,76.33
199,Christopher Myers,1,85.0,100,3,76.33
199,Christopher Myers,2,83.0,81,3,83.33
199,Christopher Myers,2,86.0,89,3,70.67
199,Christopher Myers,3,69.0,62,3,84.33
199,Christopher Myers,3,60.0,77,3,89.67
199,Christopher Myers,3,74.0,88,3,72.0
199,Christopher Myers,3,94.0,96,3,87.0
200,Alison Bauer,1,30.0,46,3,40.67
200,Alison Bauer,1,70.0,74,3,79.67
200,Alison Bauer,1,80.0,83,3,82.0
200,Alison Bauer,1,66.0,97,3,57.33
200,Alison Bauer,2,39.0,55,3,38.67
200,Alison Bauer,2,81.0,64,3,70.67
200,Alison Bauer,2,93.0,84,3,66.67
200,Alison Bauer,2,74.0,96,3,77.33
200,Alison Bauer,3,74.0,70,3,81.0
200,Alison Bauer,3,83.0,76,3,70.0
200,Alison Bauer,3,55.0,79,3,65.33
